global_index,image_path,label,angle_degrees,original_source,relative_path,dataset,source_index,notes
1,images/newmask_train400_0001.jpg,head_right,84.100945,D:\personal_resources\CV_research\boxmot\output\bee_foreground_new_model_labeled300\masked\001034\BEE24-33_001804_det21_tr0009.jpg,001034/BEE24-33_001804_det21_tr0009.jpg,base300,1,
2,images/newmask_train400_0002.jpg,head_right,-20.625111,D:\personal_resources\CV_research\boxmot\output\bee_foreground_new_model_labeled300\masked\000954\BEE24-33_001359_det21_tr0019.jpg,000954/BEE24-33_001359_det21_tr0019.jpg,base300,2,
3,images/newmask_train400_0003.jpg,head_left,98.967514,D:\personal_resources\CV_research\boxmot\output\bee_foreground_new_model_labeled300\masked\001366\BEE24-33_003162_det17_tr0011.jpg,001366/BEE24-33_003162_det17_tr0011.jpg,base300,3,
4,images/newmask_train400_0004.jpg,unclear,3.843216,D:\personal_resources\CV_research\boxmot\output\bee_foreground_new_model_labeled300\masked\000054\BEE24-08_000067_det00_tr0035.jpg,000054/BEE24-08_000067_det00_tr0035.jpg,base300,4,
5,images/newmask_train400_0005.jpg,head_left,101.974602,D:\personal_resources\CV_research\boxmot\output\bee_foreground_new_model_labeled300\masked\001306\BEE24-33_002663_det34_tr0003.jpg,001306/BEE24-33_002663_det34_tr0003.jpg,base300,5,
6,images/newmask_train400_0006.jpg,head_right,124.894592,D:\personal_resources\CV_research\boxmot\output\bee_foreground_new_model_labeled300\masked\001034\BEE24-33_001830_det14_tr0018.jpg,001034/BEE24-33_001830_det14_tr0018.jpg,base300,6,
7,images/newmask_train400_0007.jpg,head_right,61.400356,D:\personal_resources\CV_research\boxmot\output\bee_foreground_new_model_labeled300\masked\000081\BEE24-10_000158_det07_tr0025.jpg,000081/BEE24-10_000158_det07_tr0025.jpg,base300,7,
8,images/newmask_train400_0008.jpg,head_left,83.393829,D:\personal_resources\CV_research\boxmot\output\bee_foreground_new_model_labeled300\masked\000053\BEE24-07_000050_det08_tr0008.jpg,000053/BEE24-07_000050_det08_tr0008.jpg,base300,8,
9,images/newmask_train400_0009.jpg,unclear,6.837492,D:\personal_resources\CV_research\boxmot\output\bee_foreground_new_model_labeled300\masked\000371\BEE24-24_000069_det05_tr0036.jpg,000371/BEE24-24_000069_det05_tr0036.jpg,base300,9,
10,images/newmask_train400_0010.jpg,head_right,82.759071,D:\personal_resources\CV_research\boxmot\output\bee_foreground_new_model_labeled300\masked\000836\BEE24-33_000311_det31_tr0001.jpg,000836/BEE24-33_000311_det31_tr0001.jpg,base300,10,
11,images/newmask_train400_0011.jpg,head_left,25.435648,D:\personal_resources\CV_research\boxmot\output\bee_foreground_new_model_labeled300\masked\000678\BEE24-33_000146_det28_tr0009.jpg,000678/BEE24-33_000146_det28_tr0009.jpg,base300,11,
12,images/newmask_train400_0012.jpg,head_left,78.038528,D:\personal_resources\CV_research\boxmot\output\bee_foreground_new_model_labeled300\masked\000363\BEE24-24_000056_det01_tr0030.jpg,000363/BEE24-24_000056_det01_tr0030.jpg,base300,12,
13,images/newmask_train400_0013.jpg,head_left,-10.62119,D:\personal_resources\CV_research\boxmot\output\bee_foreground_new_model_labeled300\masked\000522\BEE24-33_000105_det01_tr0018.jpg,000522/BEE24-33_000105_det01_tr0018.jpg,base300,13,
14,images/newmask_train400_0014.jpg,unclear,7.205484,D:\personal_resources\CV_research\boxmot\output\bee_foreground_new_model_labeled300\masked\000380\BEE24-24_000067_det10_tr0007.jpg,000380/BEE24-24_000067_det10_tr0007.jpg,base300,14,
15,images/newmask_train400_0015.jpg,head_right,1.799699,D:\personal_resources\CV_research\boxmot\output\bee_foreground_new_model_labeled300\masked\000683\BEE24-33_000185_det16_tr0002.jpg,000683/BEE24-33_000185_det16_tr0002.jpg,base300,15,
16,images/newmask_train400_0016.jpg,unclear,91.721222,D:\personal_resources\CV_research\boxmot\output\bee_foreground_new_model_labeled300\masked\000123\BEE24-14_000338_det12_tr0037.jpg,000123/BEE24-14_000338_det12_tr0037.jpg,base300,16,
17,images/newmask_train400_0017.jpg,head_left,-3.162405,D:\personal_resources\CV_research\boxmot\output\bee_foreground_new_model_labeled300\masked\001116\BEE24-33_002055_det22_tr0015.jpg,001116/BEE24-33_002055_det22_tr0015.jpg,base300,17,
18,images/newmask_train400_0018.jpg,head_right,1.386526,D:\personal_resources\CV_research\boxmot\output\bee_foreground_new_model_labeled300\masked\001026\BEE24-33_000444_det33_tr0001.jpg,001026/BEE24-33_000444_det33_tr0001.jpg,base300,18,
19,images/newmask_train400_0019.jpg,head_left,47.102798,D:\personal_resources\CV_research\boxmot\output\bee_foreground_new_model_labeled300\masked\000332\BEE24-23_000073_det00_tr0039.jpg,000332/BEE24-23_000073_det00_tr0039.jpg,base300,19,
20,images/newmask_train400_0020.jpg,head_right,71.246284,D:\personal_resources\CV_research\boxmot\output\bee_foreground_new_model_labeled300\masked\000039\BEE24-06_000028_det04_tr0014.jpg,000039/BEE24-06_000028_det04_tr0014.jpg,base300,20,
21,images/newmask_train400_0021.jpg,head_left,62.978336,D:\personal_resources\CV_research\boxmot\output\bee_foreground_new_model_labeled300\masked\001082\BEE24-33_002041_det06_tr0019.jpg,001082/BEE24-33_002041_det06_tr0019.jpg,base300,21,
22,images/newmask_train400_0022.jpg,head_right,40.555382,D:\personal_resources\CV_research\boxmot\output\bee_foreground_new_model_labeled300\masked\000051\BEE24-07_000020_det08_tr0000.jpg,000051/BEE24-07_000020_det08_tr0000.jpg,base300,22,
23,images/newmask_train400_0023.jpg,head_left,88.628555,D:\personal_resources\CV_research\boxmot\output\bee_foreground_new_model_labeled300\masked\000929\BEE24-33_000416_det16_tr0006.jpg,000929/BEE24-33_000416_det16_tr0006.jpg,base300,23,
24,images/newmask_train400_0024.jpg,unclear,85.709343,D:\personal_resources\CV_research\boxmot\output\bee_foreground_new_model_labeled300\masked\000505\BEE24-32_000020_det02_tr0010.jpg,000505/BEE24-32_000020_det02_tr0010.jpg,base300,24,
25,images/newmask_train400_0025.jpg,head_left,9.305834,D:\personal_resources\CV_research\boxmot\output\bee_foreground_new_model_labeled300\masked\000347\BEE24-23_000049_det06_tr0015.jpg,000347/BEE24-23_000049_det06_tr0015.jpg,base300,25,
26,images/newmask_train400_0026.jpg,unclear,26.32457,D:\personal_resources\CV_research\boxmot\output\bee_foreground_new_model_labeled300\masked\000441\BEE24-27_000033_det11_tr0002.jpg,000441/BEE24-27_000033_det11_tr0002.jpg,base300,26,
27,images/newmask_train400_0027.jpg,head_left,71.422432,D:\personal_resources\CV_research\boxmot\output\bee_foreground_new_model_labeled300\masked\001256\BEE24-33_002822_det07_tr0015.jpg,001256/BEE24-33_002822_det07_tr0015.jpg,base300,27,
28,images/newmask_train400_0028.jpg,head_left,16.015705,D:\personal_resources\CV_research\boxmot\output\bee_foreground_new_model_labeled300\masked\000655\BEE24-33_000126_det30_tr0008.jpg,000655/BEE24-33_000126_det30_tr0008.jpg,base300,28,
29,images/newmask_train400_0029.jpg,unclear,-12.234669,D:\personal_resources\CV_research\boxmot\output\bee_foreground_new_model_labeled300\masked\001359\BEE24-33_002866_det27_tr0014.jpg,001359/BEE24-33_002866_det27_tr0014.jpg,base300,29,
30,images/newmask_train400_0030.jpg,head_left,84.61232,D:\personal_resources\CV_research\boxmot\output\bee_foreground_new_model_labeled300\masked\000095\BEE24-11_000037_det00_tr0019.jpg,000095/BEE24-11_000037_det00_tr0019.jpg,base300,30,
31,images/newmask_train400_0031.jpg,head_right,48.625271,D:\personal_resources\CV_research\boxmot\output\bee_foreground_new_model_labeled300\masked\000178\BEE24-15_000057_det11_tr0003.jpg,000178/BEE24-15_000057_det11_tr0003.jpg,base300,31,
32,images/newmask_train400_0032.jpg,head_right,98.066216,D:\personal_resources\CV_research\boxmot\output\bee_foreground_new_model_labeled300\masked\000913\BEE24-33_000434_det10_tr0023.jpg,000913/BEE24-33_000434_det10_tr0023.jpg,base300,32,
33,images/newmask_train400_0033.jpg,head_right,57.013725,D:\personal_resources\CV_research\boxmot\output\bee_foreground_new_model_labeled300\masked\000507\BEE24-32_000031_det04_tr0016.jpg,000507/BEE24-32_000031_det04_tr0016.jpg,base300,33,
34,images/newmask_train400_0034.jpg,head_right,68.304878,D:\personal_resources\CV_research\boxmot\output\bee_foreground_new_model_labeled300\masked\000812\BEE24-33_000290_det21_tr0005.jpg,000812/BEE24-33_000290_det21_tr0005.jpg,base300,34,
35,images/newmask_train400_0035.jpg,head_right,-3.408247,D:\personal_resources\CV_research\boxmot\output\bee_foreground_new_model_labeled300\masked\000919\BEE24-33_001269_det21_tr0023.jpg,000919/BEE24-33_001269_det21_tr0023.jpg,base300,35,
36,images/newmask_train400_0036.jpg,unclear,108.907074,D:\personal_resources\CV_research\boxmot\output\bee_foreground_new_model_labeled300\masked\000241\BEE24-18_000048_det06_tr0032.jpg,000241/BEE24-18_000048_det06_tr0032.jpg,base300,36,
37,images/newmask_train400_0037.jpg,head_left,12.590046,D:\personal_resources\CV_research\boxmot\output\bee_foreground_new_model_labeled300\masked\001029\BEE24-33_000476_det19_tr0015.jpg,001029/BEE24-33_000476_det19_tr0015.jpg,base300,37,
38,images/newmask_train400_0038.jpg,head_right,46.183922,D:\personal_resources\CV_research\boxmot\output\bee_foreground_new_model_labeled300\masked\000276\BEE24-20_000020_det01_tr0015.jpg,000276/BEE24-20_000020_det01_tr0015.jpg,base300,38,
39,images/newmask_train400_0039.jpg,unclear,-19.79369,D:\personal_resources\CV_research\boxmot\output\bee_foreground_new_model_labeled300\masked\000394\BEE24-25_000017_det10_tr0012.jpg,000394/BEE24-25_000017_det10_tr0012.jpg,base300,39,
40,images/newmask_train400_0040.jpg,head_left,96.707512,D:\personal_resources\CV_research\boxmot\output\bee_foreground_new_model_labeled300\masked\000069\BEE24-09_000040_det05_tr0021.jpg,000069/BEE24-09_000040_det05_tr0021.jpg,base300,40,
41,images/newmask_train400_0041.jpg,head_left,134.629471,D:\personal_resources\CV_research\boxmot\output\bee_foreground_new_model_labeled300\masked\000508\BEE24-32_000059_det04_tr0031.jpg,000508/BEE24-32_000059_det04_tr0031.jpg,base300,41,
42,images/newmask_train400_0042.jpg,unclear,-28.735104,D:\personal_resources\CV_research\boxmot\output\bee_foreground_new_model_labeled300\masked\001027\BEE24-33_000468_det20_tr0016.jpg,001027/BEE24-33_000468_det20_tr0016.jpg,base300,42,
43,images/newmask_train400_0043.jpg,head_right,13.604573,D:\personal_resources\CV_research\boxmot\output\bee_foreground_new_model_labeled300\masked\000472\BEE24-29_000017_det02_tr0008.jpg,000472/BEE24-29_000017_det02_tr0008.jpg,base300,43,
44,images/newmask_train400_0044.jpg,head_left,82.157326,D:\personal_resources\CV_research\boxmot\output\bee_foreground_new_model_labeled300\masked\000053\BEE24-07_000066_det07_tr0021.jpg,000053/BEE24-07_000066_det07_tr0021.jpg,base300,44,
45,images/newmask_train400_0045.jpg,unclear,79.161247,D:\personal_resources\CV_research\boxmot\output\bee_foreground_new_model_labeled300\masked\000354\BEE24-23_000063_det09_tr0001.jpg,000354/BEE24-23_000063_det09_tr0001.jpg,base300,45,
46,images/newmask_train400_0046.jpg,unclear,51.246029,D:\personal_resources\CV_research\boxmot\output\bee_foreground_new_model_labeled300\masked\000460\BEE24-28_000009_det11_tr0006.jpg,000460/BEE24-28_000009_det11_tr0006.jpg,base300,46,
47,images/newmask_train400_0047.jpg,head_right,69.498444,D:\personal_resources\CV_research\boxmot\output\bee_foreground_new_model_labeled300\masked\000161\BEE24-15_000083_det01_tr0013.jpg,000161/BEE24-15_000083_det01_tr0013.jpg,base300,47,
48,images/newmask_train400_0048.jpg,head_right,77.254097,D:\personal_resources\CV_research\boxmot\output\bee_foreground_new_model_labeled300\masked\000473\BEE24-29_000022_det03_tr0017.jpg,000473/BEE24-29_000022_det03_tr0017.jpg,base300,48,
49,images/newmask_train400_0049.jpg,head_left,87.961868,D:\personal_resources\CV_research\boxmot\output\bee_foreground_new_model_labeled300\masked\000442\BEE24-27_000033_det12_tr0002.jpg,000442/BEE24-27_000033_det12_tr0002.jpg,base300,49,
50,images/newmask_train400_0050.jpg,head_left,64.188171,D:\personal_resources\CV_research\boxmot\output\bee_foreground_new_model_labeled300\masked\000745\BEE24-33_000568_det29_tr0020.jpg,000745/BEE24-33_000568_det29_tr0020.jpg,base300,50,
51,images/newmask_train400_0051.jpg,unclear,80.141052,D:\personal_resources\CV_research\boxmot\output\bee_foreground_new_model_labeled300\masked\000242\BEE24-18_000073_det05_tr0039.jpg,000242/BEE24-18_000073_det05_tr0039.jpg,base300,51,
52,images/newmask_train400_0052.jpg,head_left,85.008759,D:\personal_resources\CV_research\boxmot\output\bee_foreground_new_model_labeled300\masked\000636\BEE24-33_000488_det32_tr0009.jpg,000636/BEE24-33_000488_det32_tr0009.jpg,base300,52,
53,images/newmask_train400_0053.jpg,unclear,87.991776,D:\personal_resources\CV_research\boxmot\output\bee_foreground_new_model_labeled300\masked\000135\BEE24-14_000223_det17_tr0017.jpg,000135/BEE24-14_000223_det17_tr0017.jpg,base300,53,
54,images/newmask_train400_0054.jpg,head_left,21.565065,D:\personal_resources\CV_research\boxmot\output\bee_foreground_new_model_labeled300\masked\000642\BEE24-33_000108_det32_tr0001.jpg,000642/BEE24-33_000108_det32_tr0001.jpg,base300,54,
55,images/newmask_train400_0055.jpg,head_right,-1.882719,D:\personal_resources\CV_research\boxmot\output\bee_foreground_new_model_labeled300\masked\000044\BEE24-07_000037_det01_tr0019.jpg,000044/BEE24-07_000037_det01_tr0019.jpg,base300,55,
56,images/newmask_train400_0056.jpg,head_right,57.226929,D:\personal_resources\CV_research\boxmot\output\bee_foreground_new_model_labeled300\masked\000085\BEE24-10_000055_det11_tr0011.jpg,000085/BEE24-10_000055_det11_tr0011.jpg,base300,56,
57,images/newmask_train400_0057.jpg,head_left,110.512123,D:\personal_resources\CV_research\boxmot\output\bee_foreground_new_model_labeled300\masked\000806\BEE24-33_001047_det28_tr0017.jpg,000806/BEE24-33_001047_det28_tr0017.jpg,base300,57,
58,images/newmask_train400_0058.jpg,head_left,-7.445078,D:\personal_resources\CV_research\boxmot\output\bee_foreground_new_model_labeled300\masked\000777\BEE24-33_000997_det25_tr0012.jpg,000777/BEE24-33_000997_det25_tr0012.jpg,base300,58,
59,images/newmask_train400_0059.jpg,head_left,95.974327,D:\personal_resources\CV_research\boxmot\output\bee_foreground_new_model_labeled300\masked\000100\BEE24-11_000025_det04_tr0001.jpg,000100/BEE24-11_000025_det04_tr0001.jpg,base300,59,
60,images/newmask_train400_0060.jpg,head_left,74.637413,D:\personal_resources\CV_research\boxmot\output\bee_foreground_new_model_labeled300\masked\001352\BEE24-33_002916_det19_tr0013.jpg,001352/BEE24-33_002916_det19_tr0013.jpg,base300,60,
61,images/newmask_train400_0061.jpg,head_left,-25.67701,D:\personal_resources\CV_research\boxmot\output\bee_foreground_new_model_labeled300\masked\000953\BEE24-33_001337_det24_tr0007.jpg,000953/BEE24-33_001337_det24_tr0007.jpg,base300,61,
62,images/newmask_train400_0062.jpg,head_left,62.142281,D:\personal_resources\CV_research\boxmot\output\bee_foreground_new_model_labeled300\masked\001354\BEE24-33_002831_det32_tr0006.jpg,001354/BEE24-33_002831_det32_tr0006.jpg,base300,62,
63,images/newmask_train400_0063.jpg,head_left,0.739224,D:\personal_resources\CV_research\boxmot\output\bee_foreground_new_model_labeled300\masked\001048\BEE24-33_001938_det12_tr0018.jpg,001048/BEE24-33_001938_det12_tr0018.jpg,base300,63,
64,images/newmask_train400_0064.jpg,head_left,111.704941,D:\personal_resources\CV_research\boxmot\output\bee_foreground_new_model_labeled300\masked\000990\BEE24-33_001475_det17_tr0013.jpg,000990/BEE24-33_001475_det17_tr0013.jpg,base300,64,
65,images/newmask_train400_0065.jpg,head_left,8.465748,D:\personal_resources\CV_research\boxmot\output\bee_foreground_new_model_labeled300\masked\000371\BEE24-24_000050_det07_tr0021.jpg,000371/BEE24-24_000050_det07_tr0021.jpg,base300,65,
66,images/newmask_train400_0066.jpg,head_right,7.595582,D:\personal_resources\CV_research\boxmot\output\bee_foreground_new_model_labeled300\masked\000787\BEE24-33_000256_det27_tr0007.jpg,000787/BEE24-33_000256_det27_tr0007.jpg,base300,66,
67,images/newmask_train400_0067.jpg,head_right,-4.827354,D:\personal_resources\CV_research\boxmot\output\bee_foreground_new_model_labeled300\masked\000900\BEE24-33_001245_det17_tr0006.jpg,000900/BEE24-33_001245_det17_tr0006.jpg,base300,67,
68,images/newmask_train400_0068.jpg,head_right,71.855782,D:\personal_resources\CV_research\boxmot\output\bee_foreground_new_model_labeled300\masked\000826\BEE24-33_001122_det15_tr0010.jpg,000826/BEE24-33_001122_det15_tr0010.jpg,base300,68,
69,images/newmask_train400_0069.jpg,head_right,-4.988912,D:\personal_resources\CV_research\boxmot\output\bee_foreground_new_model_labeled300\masked\001065\BEE24-33_001845_det34_tr0010.jpg,001065/BEE24-33_001845_det34_tr0010.jpg,base300,69,
70,images/newmask_train400_0070.jpg,head_left,57.67197,D:\personal_resources\CV_research\boxmot\output\bee_foreground_new_model_labeled300\masked\001205\BEE24-33_002359_det34_tr0000.jpg,001205/BEE24-33_002359_det34_tr0000.jpg,base300,70,
71,images/newmask_train400_0071.jpg,head_right,66.329132,D:\personal_resources\CV_research\boxmot\output\bee_foreground_new_model_labeled300\masked\000276\BEE24-20_000005_det02_tr0003.jpg,000276/BEE24-20_000005_det02_tr0003.jpg,base300,71,
72,images/newmask_train400_0072.jpg,unclear,3.161626,D:\personal_resources\CV_research\boxmot\output\bee_foreground_new_model_labeled300\masked\000215\BEE24-17_000063_det00_tr0031.jpg,000215/BEE24-17_000063_det00_tr0031.jpg,base300,72,
73,images/newmask_train400_0073.jpg,head_right,31.142611,D:\personal_resources\CV_research\boxmot\output\bee_foreground_new_model_labeled300\masked\000470\BEE24-29_000063_det00_tr0038.jpg,000470/BEE24-29_000063_det00_tr0038.jpg,base300,73,
74,images/newmask_train400_0074.jpg,head_right,23.138311,D:\personal_resources\CV_research\boxmot\output\bee_foreground_new_model_labeled300\masked\000362\BEE24-24_000027_det05_tr0021.jpg,000362/BEE24-24_000027_det05_tr0021.jpg,base300,74,
75,images/newmask_train400_0075.jpg,head_right,90.109299,D:\personal_resources\CV_research\boxmot\output\bee_foreground_new_model_labeled300\masked\000117\BEE24-14_000257_det09_tr0028.jpg,000117/BEE24-14_000257_det09_tr0028.jpg,base300,75,
76,images/newmask_train400_0076.jpg,head_right,125.868675,D:\personal_resources\CV_research\boxmot\output\bee_foreground_new_model_labeled300\masked\000106\BEE24-14_000148_det02_tr0026.jpg,000106/BEE24-14_000148_det02_tr0026.jpg,base300,76,
77,images/newmask_train400_0077.jpg,unclear,87.766441,D:\personal_resources\CV_research\boxmot\output\bee_foreground_new_model_labeled300\masked\000314\BEE24-22_000014_det07_tr0006.jpg,000314/BEE24-22_000014_det07_tr0006.jpg,base300,77,
78,images/newmask_train400_0078.jpg,head_right,27.439005,D:\personal_resources\CV_research\boxmot\output\bee_foreground_new_model_labeled300\masked\000828\BEE24-33_001042_det39_tr0001.jpg,000828/BEE24-33_001042_det39_tr0001.jpg,base300,78,
79,images/newmask_train400_0079.jpg,head_right,69.695244,D:\personal_resources\CV_research\boxmot\output\bee_foreground_new_model_labeled300\masked\000880\BEE24-33_001103_det37_tr0010.jpg,000880/BEE24-33_001103_det37_tr0010.jpg,base300,79,
80,images/newmask_train400_0080.jpg,head_right,-2.148221,D:\personal_resources\CV_research\boxmot\output\bee_foreground_new_model_labeled300\masked\001296\BEE24-33_002650_det32_tr0007.jpg,001296/BEE24-33_002650_det32_tr0007.jpg,base300,80,
81,images/newmask_train400_0081.jpg,head_right,13.188808,D:\personal_resources\CV_research\boxmot\output\bee_foreground_new_model_labeled300\masked\000939\BEE24-33_001189_det40_tr0002.jpg,000939/BEE24-33_001189_det40_tr0002.jpg,base300,81,
82,images/newmask_train400_0082.jpg,head_left,0.515376,D:\personal_resources\CV_research\boxmot\output\bee_foreground_new_model_labeled300\masked\000518\BEE24-33_000025_det05_tr0006.jpg,000518/BEE24-33_000025_det05_tr0006.jpg,base300,82,
83,images/newmask_train400_0083.jpg,head_left,112.569489,D:\personal_resources\CV_research\boxmot\output\bee_foreground_new_model_labeled300\masked\000543\BEE24-33_000070_det22_tr0019.jpg,000543/BEE24-33_000070_det22_tr0019.jpg,base300,83,
84,images/newmask_train400_0084.jpg,head_right,77.618835,D:\personal_resources\CV_research\boxmot\output\bee_foreground_new_model_labeled300\masked\000718\BEE24-33_000546_det27_tr0009.jpg,000718/BEE24-33_000546_det27_tr0009.jpg,base300,84,
85,images/newmask_train400_0085.jpg,head_left,39.158199,D:\personal_resources\CV_research\boxmot\output\bee_foreground_new_model_labeled300\masked\001063\BEE24-33_001841_det33_tr0007.jpg,001063/BEE24-33_001841_det33_tr0007.jpg,base300,85,
86,images/newmask_train400_0086.jpg,head_right,102.268745,D:\personal_resources\CV_research\boxmot\output\bee_foreground_new_model_labeled300\masked\000470\BEE24-29_000046_det00_tr0027.jpg,000470/BEE24-29_000046_det00_tr0027.jpg,base300,86,
87,images/newmask_train400_0087.jpg,head_right,66.855286,D:\personal_resources\CV_research\boxmot\output\bee_foreground_new_model_labeled300\masked\000119\BEE24-14_000044_det16_tr0010.jpg,000119/BEE24-14_000044_det16_tr0010.jpg,base300,87,
88,images/newmask_train400_0088.jpg,head_left,20.542591,D:\personal_resources\CV_research\boxmot\output\bee_foreground_new_model_labeled300\masked\001328\BEE24-33_002736_det28_tr0009.jpg,001328/BEE24-33_002736_det28_tr0009.jpg,base300,88,
89,images/newmask_train400_0089.jpg,head_right,98.22374,D:\personal_resources\CV_research\boxmot\output\bee_foreground_new_model_labeled300\masked\000422\BEE24-26_000073_det08_tr0008.jpg,000422/BEE24-26_000073_det08_tr0008.jpg,base300,89,
90,images/newmask_train400_0090.jpg,head_left,-12.237492,D:\personal_resources\CV_research\boxmot\output\bee_foreground_new_model_labeled300\masked\000230\BEE24-17_000074_det04_tr0017.jpg,000230/BEE24-17_000074_det04_tr0017.jpg,base300,90,
91,images/newmask_train400_0091.jpg,head_right,99.779449,D:\personal_resources\CV_research\boxmot\output\bee_foreground_new_model_labeled300\masked\000585\BEE24-33_000826_det15_tr0015.jpg,000585/BEE24-33_000826_det15_tr0015.jpg,base300,91,
92,images/newmask_train400_0092.jpg,head_left,86.336914,D:\personal_resources\CV_research\boxmot\output\bee_foreground_new_model_labeled300\masked\000143\BEE24-14_000150_det25_tr0004.jpg,000143/BEE24-14_000150_det25_tr0004.jpg,base300,92,
93,images/newmask_train400_0093.jpg,head_right,8.485072,D:\personal_resources\CV_research\boxmot\output\bee_foreground_new_model_labeled300\masked\000608\BEE24-33_000067_det33_tr0000.jpg,000608/BEE24-33_000067_det33_tr0000.jpg,base300,93,
94,images/newmask_train400_0094.jpg,head_right,72.368996,D:\personal_resources\CV_research\boxmot\output\bee_foreground_new_model_labeled300\masked\000179\BEE24-15_000059_det12_tr0003.jpg,000179/BEE24-15_000059_det12_tr0003.jpg,base300,94,
95,images/newmask_train400_0095.jpg,head_right,124.471001,D:\personal_resources\CV_research\boxmot\output\bee_foreground_new_model_labeled300\masked\000080\BEE24-10_000097_det07_tr0015.jpg,000080/BEE24-10_000097_det07_tr0015.jpg,base300,95,
96,images/newmask_train400_0096.jpg,head_right,15.527372,D:\personal_resources\CV_research\boxmot\output\bee_foreground_new_model_labeled300\masked\001403\BEE24-33_003050_det35_tr0000.jpg,001403/BEE24-33_003050_det35_tr0000.jpg,base300,96,
97,images/newmask_train400_0097.jpg,head_right,36.181953,D:\personal_resources\CV_research\boxmot\output\bee_foreground_new_model_labeled300\masked\000074\BEE24-10_000148_det01_tr0023.jpg,000074/BEE24-10_000148_det01_tr0023.jpg,base300,97,
98,images/newmask_train400_0098.jpg,unclear,-7.999773,D:\personal_resources\CV_research\boxmot\output\bee_foreground_new_model_labeled300\masked\000639\BEE24-33_000773_det40_tr0021.jpg,000639/BEE24-33_000773_det40_tr0021.jpg,base300,98,
99,images/newmask_train400_0099.jpg,head_left,66.345673,D:\personal_resources\CV_research\boxmot\output\bee_foreground_new_model_labeled300\masked\000138\BEE24-14_000263_det17_tr0023.jpg,000138/BEE24-14_000263_det17_tr0023.jpg,base300,99,
100,images/newmask_train400_0100.jpg,head_right,62.858528,D:\personal_resources\CV_research\boxmot\output\bee_foreground_new_model_labeled300\masked\000082\BEE24-10_000024_det09_tr0004.jpg,000082/BEE24-10_000024_det09_tr0004.jpg,base300,100,
101,images/newmask_train400_0101.jpg,head_right,48.026184,D:\personal_resources\CV_research\boxmot\output\bee_foreground_new_model_labeled300\masked\001906\BEE24-33_004243_det02_tr0017.jpg,001906/BEE24-33_004243_det02_tr0017.jpg,base300,101,
102,images/newmask_train400_0102.jpg,head_left,58.510056,D:\personal_resources\CV_research\boxmot\output\bee_foreground_new_model_labeled300\masked\000497\BEE24-31_000033_det05_tr0006.jpg,000497/BEE24-31_000033_det05_tr0006.jpg,base300,102,
103,images/newmask_train400_0103.jpg,head_right,67.817818,D:\personal_resources\CV_research\boxmot\output\bee_foreground_new_model_labeled300\masked\002204\BEE24-13_000231_det07_tr0035.jpg,002204/BEE24-13_000231_det07_tr0035.jpg,base300,103,
104,images/newmask_train400_0104.jpg,head_left,-41.552513,D:\personal_resources\CV_research\boxmot\output\bee_foreground_new_model_labeled300\masked\000350\BEE24-23_000064_det04_tr0012.jpg,000350/BEE24-23_000064_det04_tr0012.jpg,base300,104,
105,images/newmask_train400_0105.jpg,head_left,85.68367,D:\personal_resources\CV_research\boxmot\output\bee_foreground_new_model_labeled300\masked\000057\BEE24-08_000062_det01_tr0033.jpg,000057/BEE24-08_000062_det01_tr0033.jpg,base300,105,
106,images/newmask_train400_0106.jpg,head_right,2.265722,D:\personal_resources\CV_research\boxmot\output\bee_foreground_new_model_labeled300\masked\000762\BEE24-33_000560_det41_tr0019.jpg,000762/BEE24-33_000560_det41_tr0019.jpg,base300,106,
107,images/newmask_train400_0107.jpg,head_right,18.028889,D:\personal_resources\CV_research\boxmot\output\bee_foreground_new_model_labeled300\masked\000206\BEE24-15_000193_det11_tr0009.jpg,000206/BEE24-15_000193_det11_tr0009.jpg,base300,107,
108,images/newmask_train400_0108.jpg,unclear,27.70616,D:\personal_resources\CV_research\boxmot\output\bee_foreground_new_model_labeled300\masked\002186\BEE24-35_004862_det08_tr0014.jpg,002186/BEE24-35_004862_det08_tr0014.jpg,base300,108,
109,images/newmask_train400_0109.jpg,head_right,26.963743,D:\personal_resources\CV_research\boxmot\output\bee_foreground_new_model_labeled300\masked\000339\BEE24-23_000033_det02_tr0011.jpg,000339/BEE24-23_000033_det02_tr0011.jpg,base300,109,
110,images/newmask_train400_0110.jpg,unclear,-19.00754,D:\personal_resources\CV_research\boxmot\output\bee_foreground_new_model_labeled300\masked\002047\BEE24-35_002000_det09_tr0004.jpg,002047/BEE24-35_002000_det09_tr0004.jpg,base300,110,
111,images/newmask_train400_0111.jpg,head_right,76.314339,D:\personal_resources\CV_research\boxmot\output\bee_foreground_new_model_labeled300\masked\000913\BEE24-33_000413_det11_tr0011.jpg,000913/BEE24-33_000413_det11_tr0011.jpg,base300,111,
112,images/newmask_train400_0112.jpg,head_right,58.569408,D:\personal_resources\CV_research\boxmot\output\bee_foreground_new_model_labeled300\masked\002137\BEE24-35_003888_det08_tr0010.jpg,002137/BEE24-35_003888_det08_tr0010.jpg,base300,112,
113,images/newmask_train400_0113.jpg,head_left,7.014572,D:\personal_resources\CV_research\boxmot\output\bee_foreground_new_model_labeled300\masked\000431\BEE24-27_000018_det05_tr0013.jpg,000431/BEE24-27_000018_det05_tr0013.jpg,base300,113,
114,images/newmask_train400_0114.jpg,head_right,132.85257,D:\personal_resources\CV_research\boxmot\output\bee_foreground_new_model_labeled300\masked\001004\BEE24-33_000417_det38_tr0000.jpg,001004/BEE24-33_000417_det38_tr0000.jpg,base300,114,
115,images/newmask_train400_0115.jpg,head_right,-24.846437,D:\personal_resources\CV_research\boxmot\output\bee_foreground_new_model_labeled300\masked\000041\BEE24-06_000002_det07_tr0000.jpg,000041/BEE24-06_000002_det07_tr0000.jpg,base300,115,
116,images/newmask_train400_0116.jpg,head_right,87.37648,D:\personal_resources\CV_research\boxmot\output\bee_foreground_new_model_labeled300\masked\000812\BEE24-33_000334_det16_tr0017.jpg,000812/BEE24-33_000334_det16_tr0017.jpg,base300,116,
117,images/newmask_train400_0117.jpg,head_right,103.732407,D:\personal_resources\CV_research\boxmot\output\bee_foreground_new_model_labeled300\masked\000012\BEE24-02_000011_det01_tr0005.jpg,000012/BEE24-02_000011_det01_tr0005.jpg,base300,117,
118,images/newmask_train400_0118.jpg,head_right,78.842148,D:\personal_resources\CV_research\boxmot\output\bee_foreground_new_model_labeled300\masked\001437\BEE24-33_003346_det26_tr0016.jpg,001437/BEE24-33_003346_det26_tr0016.jpg,base300,118,
119,images/newmask_train400_0119.jpg,unclear,96.493813,D:\personal_resources\CV_research\boxmot\output\bee_foreground_new_model_labeled300\masked\002202\BEE24-13_000179_det05_tr0027.jpg,002202/BEE24-13_000179_det05_tr0027.jpg,base300,119,
120,images/newmask_train400_0120.jpg,head_right,6.542981,D:\personal_resources\CV_research\boxmot\output\bee_foreground_new_model_labeled300\masked\000550\BEE24-33_000043_det17_tr0014.jpg,000550/BEE24-33_000043_det17_tr0014.jpg,base300,120,
121,images/newmask_train400_0121.jpg,head_right,100.38401,D:\personal_resources\CV_research\boxmot\output\bee_foreground_new_model_labeled300\masked\001970\BEE24-35_001292_det05_tr0012.jpg,001970/BEE24-35_001292_det05_tr0012.jpg,base300,121,
122,images/newmask_train400_0122.jpg,head_right,11.865246,D:\personal_resources\CV_research\boxmot\output\bee_foreground_new_model_labeled300\masked\000862\BEE24-33_000414_det09_tr0014.jpg,000862/BEE24-33_000414_det09_tr0014.jpg,base300,122,
123,images/newmask_train400_0123.jpg,unclear,8.406602,D:\personal_resources\CV_research\boxmot\output\bee_foreground_new_model_labeled300\masked\000526\BEE24-33_000010_det11_tr0000.jpg,000526/BEE24-33_000010_det11_tr0000.jpg,base300,123,
124,images/newmask_train400_0124.jpg,head_right,-0.06285,D:\personal_resources\CV_research\boxmot\output\bee_foreground_new_model_labeled300\masked\001760\BEE24-33_004947_det26_tr0018.jpg,001760/BEE24-33_004947_det26_tr0018.jpg,base300,124,
125,images/newmask_train400_0125.jpg,head_left,-1.496481,D:\personal_resources\CV_research\boxmot\output\bee_foreground_new_model_labeled300\masked\001376\BEE24-33_002994_det27_tr0006.jpg,001376/BEE24-33_002994_det27_tr0006.jpg,base300,125,
126,images/newmask_train400_0126.jpg,unclear,9.041279,D:\personal_resources\CV_research\boxmot\output\bee_foreground_new_model_labeled300\masked\000579\BEE24-33_000053_det34_tr0017.jpg,000579/BEE24-33_000053_det34_tr0017.jpg,base300,126,
127,images/newmask_train400_0127.jpg,head_right,130.755432,D:\personal_resources\CV_research\boxmot\output\bee_foreground_new_model_labeled300\masked\000504\BEE24-32_000010_det01_tr0006.jpg,000504/BEE24-32_000010_det01_tr0006.jpg,base300,127,
128,images/newmask_train400_0128.jpg,head_left,-35.55114,D:\personal_resources\CV_research\boxmot\output\bee_foreground_new_model_labeled300\masked\001926\BEE24-33_003874_det26_tr0010.jpg,001926/BEE24-33_003874_det26_tr0010.jpg,base300,128,
129,images/newmask_train400_0129.jpg,unclear,75.232559,D:\personal_resources\CV_research\boxmot\output\bee_foreground_new_model_labeled300\masked\000506\BEE24-32_000067_det01_tr0035.jpg,000506/BEE24-32_000067_det01_tr0035.jpg,base300,129,
130,images/newmask_train400_0130.jpg,head_right,61.921009,D:\personal_resources\CV_research\boxmot\output\bee_foreground_new_model_labeled300\masked\000175\BEE24-15_000030_det11_tr0003.jpg,000175/BEE24-15_000030_det11_tr0003.jpg,base300,130,
131,images/newmask_train400_0131.jpg,head_left,90.027847,D:\personal_resources\CV_research\boxmot\output\bee_foreground_new_model_labeled300\masked\001335\BEE24-33_002743_det33_tr0004.jpg,001335/BEE24-33_002743_det33_tr0004.jpg,base300,131,
132,images/newmask_train400_0132.jpg,head_left,-5.493755,D:\personal_resources\CV_research\boxmot\output\bee_foreground_new_model_labeled300\masked\000066\BEE24-09_000067_det02_tr0035.jpg,000066/BEE24-09_000067_det02_tr0035.jpg,base300,132,
133,images/newmask_train400_0133.jpg,head_left,118.349251,D:\personal_resources\CV_research\boxmot\output\bee_foreground_new_model_labeled300\masked\000542\BEE24-33_000183_det04_tr0017.jpg,000542/BEE24-33_000183_det04_tr0017.jpg,base300,133,
134,images/newmask_train400_0134.jpg,head_left,63.383751,D:\personal_resources\CV_research\boxmot\output\bee_foreground_new_model_labeled300\masked\001531\BEE24-33_003947_det32_tr0017.jpg,001531/BEE24-33_003947_det32_tr0017.jpg,base300,134,
135,images/newmask_train400_0135.jpg,head_left,-4.572324,D:\personal_resources\CV_research\boxmot\output\bee_foreground_new_model_labeled300\masked\000910\BEE24-33_001196_det23_tr0023.jpg,000910/BEE24-33_001196_det23_tr0023.jpg,base300,135,
136,images/newmask_train400_0136.jpg,unclear,-35.077118,D:\personal_resources\CV_research\boxmot\output\bee_foreground_new_model_labeled300\masked\002118\BEE24-35_003438_det12_tr0001.jpg,002118/BEE24-35_003438_det12_tr0001.jpg,base300,136,
137,images/newmask_train400_0137.jpg,head_right,22.507812,D:\personal_resources\CV_research\boxmot\output\bee_foreground_new_model_labeled300\masked\002225\BEE24-13_000117_det24_tr0004.jpg,002225/BEE24-13_000117_det24_tr0004.jpg,base300,137,
138,images/newmask_train400_0138.jpg,head_left,112.025894,D:\personal_resources\CV_research\boxmot\output\bee_foreground_new_model_labeled300\masked\001763\BEE24-33_001818_det04_tr0010.jpg,001763/BEE24-33_001818_det04_tr0010.jpg,base300,138,
139,images/newmask_train400_0139.jpg,head_right,121.828285,D:\personal_resources\CV_research\boxmot\output\bee_foreground_new_model_labeled300\masked\000522\BEE24-33_000067_det02_tr0011.jpg,000522/BEE24-33_000067_det02_tr0011.jpg,base300,139,
140,images/newmask_train400_0140.jpg,head_right,-18.471737,D:\personal_resources\CV_research\boxmot\output\bee_foreground_new_model_labeled300\masked\002194\BEE24-13_000252_det00_tr0039.jpg,002194/BEE24-13_000252_det00_tr0039.jpg,base300,140,
141,images/newmask_train400_0141.jpg,head_left,8.336934,D:\personal_resources\CV_research\boxmot\output\bee_foreground_new_model_labeled300\masked\000960\BEE24-33_000022_det26_tr0008.jpg,000960/BEE24-33_000022_det26_tr0008.jpg,base300,141,
142,images/newmask_train400_0142.jpg,head_left,57.298862,D:\personal_resources\CV_research\boxmot\output\bee_foreground_new_model_labeled300\masked\001476\BEE24-33_003466_det33_tr0008.jpg,001476/BEE24-33_003466_det33_tr0008.jpg,base300,142,
143,images/newmask_train400_0143.jpg,head_right,-23.388338,D:\personal_resources\CV_research\boxmot\output\bee_foreground_new_model_labeled300\masked\002246\BEE24-16_000212_det07_tr0033.jpg,002246/BEE24-16_000212_det07_tr0033.jpg,base300,143,
144,images/newmask_train400_0144.jpg,head_left,33.845348,D:\personal_resources\CV_research\boxmot\output\bee_foreground_new_model_labeled300\masked\001843\BEE24-33_001730_det32_tr0000.jpg,001843/BEE24-33_001730_det32_tr0000.jpg,base300,144,
145,images/newmask_train400_0145.jpg,head_left,49.020924,D:\personal_resources\CV_research\boxmot\output\bee_foreground_new_model_labeled300\masked\002021\BEE24-35_001405_det11_tr0002.jpg,002021/BEE24-35_001405_det11_tr0002.jpg,base300,145,
146,images/newmask_train400_0146.jpg,head_left,18.178982,D:\personal_resources\CV_research\boxmot\output\bee_foreground_new_model_labeled300\masked\001874\BEE24-33_002122_det27_tr0007.jpg,001874/BEE24-33_002122_det27_tr0007.jpg,base300,146,
147,images/newmask_train400_0147.jpg,unclear,3.849436,D:\personal_resources\CV_research\boxmot\output\bee_foreground_new_model_labeled300\masked\000631\BEE24-33_000501_det24_tr0018.jpg,000631/BEE24-33_000501_det24_tr0018.jpg,base300,147,
148,images/newmask_train400_0148.jpg,head_right,14.397716,D:\personal_resources\CV_research\boxmot\output\bee_foreground_new_model_labeled300\masked\000013\BEE24-02_000067_det02_tr0035.jpg,000013/BEE24-02_000067_det02_tr0035.jpg,base300,148,
149,images/newmask_train400_0149.jpg,unclear,71.028786,D:\personal_resources\CV_research\boxmot\output\bee_foreground_new_model_labeled300\masked\000553\BEE24-33_000175_det02_tr0019.jpg,000553/BEE24-33_000175_det02_tr0019.jpg,base300,149,
150,images/newmask_train400_0150.jpg,head_left,126.203651,D:\personal_resources\CV_research\boxmot\output\bee_foreground_new_model_labeled300\masked\001896\BEE24-33_003636_det04_tr0018.jpg,001896/BEE24-33_003636_det04_tr0018.jpg,base300,150,
151,images/newmask_train400_0151.jpg,head_left,-1.359282,D:\personal_resources\CV_research\boxmot\output\bee_foreground_new_model_labeled300\masked\001221\BEE24-33_002438_det34_tr0012.jpg,001221/BEE24-33_002438_det34_tr0012.jpg,base300,151,
152,images/newmask_train400_0152.jpg,head_left,30.337893,D:\personal_resources\CV_research\boxmot\output\bee_foreground_new_model_labeled300\masked\001586\BEE24-33_004538_det08_tr0022.jpg,001586/BEE24-33_004538_det08_tr0022.jpg,base300,152,
153,images/newmask_train400_0153.jpg,head_left,-24.577351,D:\personal_resources\CV_research\boxmot\output\bee_foreground_new_model_labeled300\masked\000171\BEE24-15_000104_det06_tr0029.jpg,000171/BEE24-15_000104_det06_tr0029.jpg,base300,153,
154,images/newmask_train400_0154.jpg,head_left,-12.734218,D:\personal_resources\CV_research\boxmot\output\bee_foreground_new_model_labeled300\masked\000371\BEE24-24_000065_det06_tr0033.jpg,000371/BEE24-24_000065_det06_tr0033.jpg,base300,154,
155,images/newmask_train400_0155.jpg,unclear,14.448982,D:\personal_resources\CV_research\boxmot\output\bee_foreground_new_model_labeled300\masked\002173\BEE24-35_004501_det07_tr0002.jpg,002173/BEE24-35_004501_det07_tr0002.jpg,base300,155,
156,images/newmask_train400_0156.jpg,unclear,76.001617,D:\personal_resources\CV_research\boxmot\output\bee_foreground_new_model_labeled300\masked\001073\BEE24-33_001902_det23_tr0015.jpg,001073/BEE24-33_001902_det23_tr0015.jpg,base300,156,
157,images/newmask_train400_0157.jpg,head_right,51.54084,D:\personal_resources\CV_research\boxmot\output\bee_foreground_new_model_labeled300\masked\000368\BEE24-24_000017_det11_tr0007.jpg,000368/BEE24-24_000017_det11_tr0007.jpg,base300,157,
158,images/newmask_train400_0158.jpg,head_left,84.277855,D:\personal_resources\CV_research\boxmot\output\bee_foreground_new_model_labeled300\masked\000906\BEE24-33_000388_det38_tr0004.jpg,000906/BEE24-33_000388_det38_tr0004.jpg,base300,158,
159,images/newmask_train400_0159.jpg,head_right,98.250519,D:\personal_resources\CV_research\boxmot\output\bee_foreground_new_model_labeled300\masked\000456\BEE24-28_000003_det07_tr0001.jpg,000456/BEE24-28_000003_det07_tr0001.jpg,base300,159,
160,images/newmask_train400_0160.jpg,unclear,78.437759,D:\personal_resources\CV_research\boxmot\output\bee_foreground_new_model_labeled300\masked\002011\BEE24-35_001260_det08_tr0018.jpg,002011/BEE24-35_001260_det08_tr0018.jpg,base300,160,
161,images/newmask_train400_0161.jpg,head_left,84.814079,D:\personal_resources\CV_research\boxmot\output\bee_foreground_new_model_labeled300\masked\000591\BEE24-33_000702_det41_tr0022.jpg,000591/BEE24-33_000702_det41_tr0022.jpg,base300,161,
162,images/newmask_train400_0162.jpg,unclear,-44.091587,D:\personal_resources\CV_research\boxmot\output\bee_foreground_new_model_labeled300\masked\000485\BEE24-30_000028_det03_tr0018.jpg,000485/BEE24-30_000028_det03_tr0018.jpg,base300,162,
163,images/newmask_train400_0163.jpg,head_right,73.110214,D:\personal_resources\CV_research\boxmot\output\bee_foreground_new_model_labeled300\masked\000421\BEE24-26_000071_det07_tr0015.jpg,000421/BEE24-26_000071_det07_tr0015.jpg,base300,163,
164,images/newmask_train400_0164.jpg,unclear,85.05172,D:\personal_resources\CV_research\boxmot\output\bee_foreground_new_model_labeled300\masked\000393\BEE24-25_000004_det11_tr0002.jpg,000393/BEE24-25_000004_det11_tr0002.jpg,base300,164,
165,images/newmask_train400_0165.jpg,head_left,-15.868916,D:\personal_resources\CV_research\boxmot\output\bee_foreground_new_model_labeled300\masked\001555\BEE24-33_004126_det26_tr0021.jpg,001555/BEE24-33_004126_det26_tr0021.jpg,base300,165,
166,images/newmask_train400_0166.jpg,head_right,-35.747082,D:\personal_resources\CV_research\boxmot\output\bee_foreground_new_model_labeled300\masked\001960\BEE24-33_004823_det31_tr0004.jpg,001960/BEE24-33_004823_det31_tr0004.jpg,base300,166,
167,images/newmask_train400_0167.jpg,head_right,26.841434,D:\personal_resources\CV_research\boxmot\output\bee_foreground_new_model_labeled300\masked\000188\BEE24-15_000090_det10_tr0009.jpg,000188/BEE24-15_000090_det10_tr0009.jpg,base300,167,
168,images/newmask_train400_0168.jpg,head_left,40.438148,D:\personal_resources\CV_research\boxmot\output\bee_foreground_new_model_labeled300\masked\000733\BEE24-33_000610_det18_tr0014.jpg,000733/BEE24-33_000610_det18_tr0014.jpg,base300,168,
169,images/newmask_train400_0169.jpg,head_right,74.521217,D:\personal_resources\CV_research\boxmot\output\bee_foreground_new_model_labeled300\masked\000099\BEE24-11_000043_det03_tr0019.jpg,000099/BEE24-11_000043_det03_tr0019.jpg,base300,169,
170,images/newmask_train400_0170.jpg,head_right,42.552605,D:\personal_resources\CV_research\boxmot\output\bee_foreground_new_model_labeled300\masked\002026\BEE24-35_001560_det09_tr0023.jpg,002026/BEE24-35_001560_det09_tr0023.jpg,base300,170,
171,images/newmask_train400_0171.jpg,head_right,37.56181,D:\personal_resources\CV_research\boxmot\output\bee_foreground_new_model_labeled300\masked\001007\BEE24-33_000458_det13_tr0012.jpg,001007/BEE24-33_000458_det13_tr0012.jpg,base300,171,
172,images/newmask_train400_0172.jpg,head_left,17.809467,D:\personal_resources\CV_research\boxmot\output\bee_foreground_new_model_labeled300\masked\001702\BEE24-33_001592_det38_tr0003.jpg,001702/BEE24-33_001592_det38_tr0003.jpg,base300,172,
173,images/newmask_train400_0173.jpg,head_right,-19.667768,D:\personal_resources\CV_research\boxmot\output\bee_foreground_new_model_labeled300\masked\001692\BEE24-33_004730_det25_tr0005.jpg,001692/BEE24-33_004730_det25_tr0005.jpg,base300,173,
174,images/newmask_train400_0174.jpg,head_left,113.866638,D:\personal_resources\CV_research\boxmot\output\bee_foreground_new_model_labeled300\masked\002233\BEE24-13_000187_det25_tr0015.jpg,002233/BEE24-13_000187_det25_tr0015.jpg,base300,174,
175,images/newmask_train400_0175.jpg,head_right,5.724231,D:\personal_resources\CV_research\boxmot\output\bee_foreground_new_model_labeled300\masked\002175\BEE24-35_004503_det09_tr0009.jpg,002175/BEE24-35_004503_det09_tr0009.jpg,base300,175,
176,images/newmask_train400_0176.jpg,head_right,-44.586002,D:\personal_resources\CV_research\boxmot\output\bee_foreground_new_model_labeled300\masked\000142\BEE24-14_000173_det23_tr0023.jpg,000142/BEE24-14_000173_det23_tr0023.jpg,base300,176,
177,images/newmask_train400_0177.jpg,head_right,83.06263,D:\personal_resources\CV_research\boxmot\output\bee_foreground_new_model_labeled300\masked\000309\BEE24-22_000022_det03_tr0017.jpg,000309/BEE24-22_000022_det03_tr0017.jpg,base300,177,
178,images/newmask_train400_0178.jpg,head_right,68.047707,D:\personal_resources\CV_research\boxmot\output\bee_foreground_new_model_labeled300\masked\000001\BEE24-01_000073_det00_tr0039.jpg,000001/BEE24-01_000073_det00_tr0039.jpg,base300,178,
179,images/newmask_train400_0179.jpg,head_right,51.695549,D:\personal_resources\CV_research\boxmot\output\bee_foreground_new_model_labeled300\masked\002106\BEE24-35_003249_det08_tr0011.jpg,002106/BEE24-35_003249_det08_tr0011.jpg,base300,179,
180,images/newmask_train400_0180.jpg,head_left,34.581055,D:\personal_resources\CV_research\boxmot\output\bee_foreground_new_model_labeled300\masked\001747\BEE24-33_004947_det23_tr0022.jpg,001747/BEE24-33_004947_det23_tr0022.jpg,base300,180,
181,images/newmask_train400_0181.jpg,unclear,134.74646,D:\personal_resources\CV_research\boxmot\output\bee_foreground_new_model_labeled300\masked\000292\BEE24-21_000046_det01_tr0024.jpg,000292/BEE24-21_000046_det01_tr0024.jpg,base300,181,
182,images/newmask_train400_0182.jpg,head_left,100.235626,D:\personal_resources\CV_research\boxmot\output\bee_foreground_new_model_labeled300\masked\001964\BEE24-35_002241_det00_tr0010.jpg,001964/BEE24-35_002241_det00_tr0010.jpg,base300,182,
183,images/newmask_train400_0183.jpg,head_left,6.751135,D:\personal_resources\CV_research\boxmot\output\bee_foreground_new_model_labeled300\masked\001499\BEE24-33_003585_det39_tr0016.jpg,001499/BEE24-33_003585_det39_tr0016.jpg,base300,183,
184,images/newmask_train400_0184.jpg,head_left,-33.074364,D:\personal_resources\CV_research\boxmot\output\bee_foreground_new_model_labeled300\masked\000237\BEE24-18_000037_det03_tr0019.jpg,000237/BEE24-18_000037_det03_tr0019.jpg,base300,184,
185,images/newmask_train400_0185.jpg,head_left,31.669895,D:\personal_resources\CV_research\boxmot\output\bee_foreground_new_model_labeled300\masked\000538\BEE24-33_000678_det19_tr0012.jpg,000538/BEE24-33_000678_det19_tr0012.jpg,base300,185,
186,images/newmask_train400_0186.jpg,head_left,77.42701,D:\personal_resources\CV_research\boxmot\output\bee_foreground_new_model_labeled300\masked\002269\BEE24-16_000182_det12_tr0002.jpg,002269/BEE24-16_000182_det12_tr0002.jpg,base300,186,
187,images/newmask_train400_0187.jpg,head_left,70.832558,D:\personal_resources\CV_research\boxmot\output\bee_foreground_new_model_labeled300\masked\002059\BEE24-35_003956_det02_tr0014.jpg,002059/BEE24-35_003956_det02_tr0014.jpg,base300,187,
188,images/newmask_train400_0188.jpg,head_left,79.061905,D:\personal_resources\CV_research\boxmot\output\bee_foreground_new_model_labeled300\masked\001975\BEE24-35_000236_det10_tr0008.jpg,001975/BEE24-35_000236_det10_tr0008.jpg,base300,188,
189,images/newmask_train400_0189.jpg,head_right,-11.424033,D:\personal_resources\CV_research\boxmot\output\bee_foreground_new_model_labeled300\masked\001075\BEE24-33_001876_det30_tr0007.jpg,001075/BEE24-33_001876_det30_tr0007.jpg,base300,189,
190,images/newmask_train400_0190.jpg,head_right,89.182358,D:\personal_resources\CV_research\boxmot\output\bee_foreground_new_model_labeled300\masked\001096\BEE24-33_001929_det30_tr0011.jpg,001096/BEE24-33_001929_det30_tr0011.jpg,base300,190,
191,images/newmask_train400_0191.jpg,unclear,-2.828913,D:\personal_resources\CV_research\boxmot\output\bee_foreground_new_model_labeled300\masked\000466\BEE24-28_000045_det11_tr0011.jpg,000466/BEE24-28_000045_det11_tr0011.jpg,base300,191,
192,images/newmask_train400_0192.jpg,head_right,48.367443,D:\personal_resources\CV_research\boxmot\output\bee_foreground_new_model_labeled300\masked\000040\BEE24-06_000071_det05_tr0038.jpg,000040/BEE24-06_000071_det05_tr0038.jpg,base300,192,
193,images/newmask_train400_0193.jpg,head_right,81.946327,D:\personal_resources\CV_research\boxmot\output\bee_foreground_new_model_labeled300\masked\000085\BEE24-10_000048_det12_tr0005.jpg,000085/BEE24-10_000048_det12_tr0005.jpg,base300,193,
194,images/newmask_train400_0194.jpg,head_left,79.059166,D:\personal_resources\CV_research\boxmot\output\bee_foreground_new_model_labeled300\masked\000326\BEE24-22_000065_det11_tr0000.jpg,000326/BEE24-22_000065_det11_tr0000.jpg,base300,194,
195,images/newmask_train400_0195.jpg,head_left,66.212936,D:\personal_resources\CV_research\boxmot\output\bee_foreground_new_model_labeled300\masked\001362\BEE24-33_002858_det32_tr0007.jpg,001362/BEE24-33_002858_det32_tr0007.jpg,base300,195,
196,images/newmask_train400_0196.jpg,unclear,30.824745,D:\personal_resources\CV_research\boxmot\output\bee_foreground_new_model_labeled300\masked\000396\BEE24-25_000043_det06_tr0021.jpg,000396/BEE24-25_000043_det06_tr0021.jpg,base300,196,
197,images/newmask_train400_0197.jpg,unclear,6.330288,D:\personal_resources\CV_research\boxmot\output\bee_foreground_new_model_labeled300\masked\000757\BEE24-33_000549_det45_tr0009.jpg,000757/BEE24-33_000549_det45_tr0009.jpg,base300,197,
198,images/newmask_train400_0198.jpg,head_left,37.96077,D:\personal_resources\CV_research\boxmot\output\bee_foreground_new_model_labeled300\masked\001067\BEE24-33_001844_det36_tr0009.jpg,001067/BEE24-33_001844_det36_tr0009.jpg,base300,198,
199,images/newmask_train400_0199.jpg,head_left,-15.999856,D:\personal_resources\CV_research\boxmot\output\bee_foreground_new_model_labeled300\masked\000668\BEE24-33_000143_det25_tr0002.jpg,000668/BEE24-33_000143_det25_tr0002.jpg,base300,199,
200,images/newmask_train400_0200.jpg,unclear,110.564522,D:\personal_resources\CV_research\boxmot\output\bee_foreground_new_model_labeled300\masked\000118\BEE24-14_000123_det13_tr0027.jpg,000118/BEE24-14_000123_det13_tr0027.jpg,base300,200,
201,images/newmask_train400_0201.jpg,unclear,59.663692,D:\personal_resources\CV_research\boxmot\output\bee_foreground_new_model_labeled300\masked\000373\BEE24-24_000040_det10_tr0007.jpg,000373/BEE24-24_000040_det10_tr0007.jpg,base300,201,
202,images/newmask_train400_0202.jpg,head_left,1.277382,D:\personal_resources\CV_research\boxmot\output\bee_foreground_new_model_labeled300\masked\001498\BEE24-33_003593_det36_tr0016.jpg,001498/BEE24-33_003593_det36_tr0016.jpg,base300,202,
203,images/newmask_train400_0203.jpg,head_left,-22.613131,D:\personal_resources\CV_research\boxmot\output\bee_foreground_new_model_labeled300\masked\000962\BEE24-33_001432_det14_tr0017.jpg,000962/BEE24-33_001432_det14_tr0017.jpg,base300,203,
204,images/newmask_train400_0204.jpg,unclear,94.453857,D:\personal_resources\CV_research\boxmot\output\bee_foreground_new_model_labeled300\masked\000275\BEE24-20_000073_det00_tr0039.jpg,000275/BEE24-20_000073_det00_tr0039.jpg,base300,204,
205,images/newmask_train400_0205.jpg,head_left,56.736153,D:\personal_resources\CV_research\boxmot\output\bee_foreground_new_model_labeled300\masked\000796\BEE24-33_000324_det10_tr0004.jpg,000796/BEE24-33_000324_det10_tr0004.jpg,base300,205,
206,images/newmask_train400_0206.jpg,head_left,88.516006,D:\personal_resources\CV_research\boxmot\output\bee_foreground_new_model_labeled300\masked\000922\BEE24-33_000395_det35_tr0000.jpg,000922/BEE24-33_000395_det35_tr0000.jpg,base300,206,
207,images/newmask_train400_0207.jpg,head_right,26.256777,D:\personal_resources\CV_research\boxmot\output\bee_foreground_new_model_labeled300\masked\001998\BEE24-35_000859_det11_tr0003.jpg,001998/BEE24-35_000859_det11_tr0003.jpg,base300,207,
208,images/newmask_train400_0208.jpg,unclear,7.918755,D:\personal_resources\CV_research\boxmot\output\bee_foreground_new_model_labeled300\masked\000757\BEE24-33_000550_det45_tr0010.jpg,000757/BEE24-33_000550_det45_tr0010.jpg,base300,208,
209,images/newmask_train400_0209.jpg,unclear,102.977592,D:\personal_resources\CV_research\boxmot\output\bee_foreground_new_model_labeled300\masked\000306\BEE24-22_000057_det00_tr0033.jpg,000306/BEE24-22_000057_det00_tr0033.jpg,base300,209,
210,images/newmask_train400_0210.jpg,head_left,-30.309027,D:\personal_resources\CV_research\boxmot\output\bee_foreground_new_model_labeled300\masked\001405\BEE24-33_003110_det32_tr0011.jpg,001405/BEE24-33_003110_det32_tr0011.jpg,base300,210,
211,images/newmask_train400_0211.jpg,unclear,122.960716,D:\personal_resources\CV_research\boxmot\output\bee_foreground_new_model_labeled300\masked\000036\BEE24-06_000029_det01_tr0015.jpg,000036/BEE24-06_000029_det01_tr0015.jpg,base300,211,
212,images/newmask_train400_0212.jpg,unclear,-32.448387,D:\personal_resources\CV_research\boxmot\output\bee_foreground_new_model_labeled300\masked\001596\BEE24-33_004323_det32_tr0023.jpg,001596/BEE24-33_004323_det32_tr0023.jpg,base300,212,
213,images/newmask_train400_0213.jpg,head_left,96.683502,D:\personal_resources\CV_research\boxmot\output\bee_foreground_new_model_labeled300\masked\000751\BEE24-33_000559_det34_tr0011.jpg,000751/BEE24-33_000559_det34_tr0011.jpg,base300,213,
214,images/newmask_train400_0214.jpg,unclear,7.385175,D:\personal_resources\CV_research\boxmot\output\bee_foreground_new_model_labeled300\masked\001731\BEE24-33_004814_det39_tr0015.jpg,001731/BEE24-33_004814_det39_tr0015.jpg,base300,214,
215,images/newmask_train400_0215.jpg,head_left,98.36219,D:\personal_resources\CV_research\boxmot\output\bee_foreground_new_model_labeled300\masked\002237\BEE24-16_000057_det01_tr0008.jpg,002237/BEE24-16_000057_det01_tr0008.jpg,base300,215,
216,images/newmask_train400_0216.jpg,head_right,61.916496,D:\personal_resources\CV_research\boxmot\output\bee_foreground_new_model_labeled300\masked\000709\BEE24-33_000526_det36_tr0012.jpg,000709/BEE24-33_000526_det36_tr0012.jpg,base300,216,
217,images/newmask_train400_0217.jpg,head_right,67.773056,D:\personal_resources\CV_research\boxmot\output\bee_foreground_new_model_labeled300\masked\000008\BEE24-01_000035_det05_tr0005.jpg,000008/BEE24-01_000035_det05_tr0005.jpg,base300,217,
218,images/newmask_train400_0218.jpg,unclear,41.573059,D:\personal_resources\CV_research\boxmot\output\bee_foreground_new_model_labeled300\masked\001637\BEE24-33_004471_det28_tr0014.jpg,001637/BEE24-33_004471_det28_tr0014.jpg,base300,218,
219,images/newmask_train400_0219.jpg,unclear,0.626552,D:\personal_resources\CV_research\boxmot\output\bee_foreground_new_model_labeled300\masked\000868\BEE24-33_000349_det31_tr0003.jpg,000868/BEE24-33_000349_det31_tr0003.jpg,base300,219,
220,images/newmask_train400_0220.jpg,head_right,-1.584457,D:\personal_resources\CV_research\boxmot\output\bee_foreground_new_model_labeled300\masked\000608\BEE24-33_000091_det23_tr0005.jpg,000608/BEE24-33_000091_det23_tr0005.jpg,base300,220,
221,images/newmask_train400_0221.jpg,unclear,66.741615,D:\personal_resources\CV_research\boxmot\output\bee_foreground_new_model_labeled300\masked\001071\BEE24-33_001877_det25_tr0021.jpg,001071/BEE24-33_001877_det25_tr0021.jpg,base300,221,
222,images/newmask_train400_0222.jpg,head_right,-12.644322,D:\personal_resources\CV_research\boxmot\output\bee_foreground_new_model_labeled300\masked\000617\BEE24-33_000945_det06_tr0008.jpg,000617/BEE24-33_000945_det06_tr0008.jpg,base300,222,
223,images/newmask_train400_0223.jpg,head_left,56.342201,D:\personal_resources\CV_research\boxmot\output\bee_foreground_new_model_labeled300\masked\001568\BEE24-33_004191_det23_tr0020.jpg,001568/BEE24-33_004191_det23_tr0020.jpg,base300,223,
224,images/newmask_train400_0224.jpg,head_left,81.859497,D:\personal_resources\CV_research\boxmot\output\bee_foreground_new_model_labeled300\masked\000251\BEE24-18_000050_det11_tr0019.jpg,000251/BEE24-18_000050_det11_tr0019.jpg,base300,224,
225,images/newmask_train400_0225.jpg,head_left,81.395485,D:\personal_resources\CV_research\boxmot\output\bee_foreground_new_model_labeled300\masked\000023\BEE24-04_000034_det00_tr0024.jpg,000023/BEE24-04_000034_det00_tr0024.jpg,base300,225,
226,images/newmask_train400_0226.jpg,head_left,64.412903,D:\personal_resources\CV_research\boxmot\output\bee_foreground_new_model_labeled300\masked\001297\BEE24-33_003530_det03_tr0018.jpg,001297/BEE24-33_003530_det03_tr0018.jpg,base300,226,
227,images/newmask_train400_0227.jpg,unclear,71.903969,D:\personal_resources\CV_research\boxmot\output\bee_foreground_new_model_labeled300\masked\000204\BEE24-15_000183_det10_tr0007.jpg,000204/BEE24-15_000183_det10_tr0007.jpg,base300,227,
228,images/newmask_train400_0228.jpg,unclear,91.612038,D:\personal_resources\CV_research\boxmot\output\bee_foreground_new_model_labeled300\masked\000922\BEE24-33_001165_det40_tr0013.jpg,000922/BEE24-33_001165_det40_tr0013.jpg,base300,228,
229,images/newmask_train400_0229.jpg,head_left,74.64917,D:\personal_resources\CV_research\boxmot\output\bee_foreground_new_model_labeled300\masked\002269\BEE24-16_000180_det13_tr0000.jpg,002269/BEE24-16_000180_det13_tr0000.jpg,base300,229,
230,images/newmask_train400_0230.jpg,head_right,7.993932,D:\personal_resources\CV_research\boxmot\output\bee_foreground_new_model_labeled300\masked\002075\BEE24-35_002666_det07_tr0007.jpg,002075/BEE24-35_002666_det07_tr0007.jpg,base300,230,
231,images/newmask_train400_0231.jpg,unclear,95.825203,D:\personal_resources\CV_research\boxmot\output\bee_foreground_new_model_labeled300\masked\001275\BEE24-33_002586_det38_tr0003.jpg,001275/BEE24-33_002586_det38_tr0003.jpg,base300,231,
232,images/newmask_train400_0232.jpg,unclear,115.947044,D:\personal_resources\CV_research\boxmot\output\bee_foreground_new_model_labeled300\masked\001527\BEE24-33_003716_det40_tr0000.jpg,001527/BEE24-33_003716_det40_tr0000.jpg,base300,232,
233,images/newmask_train400_0233.jpg,head_left,74.262375,D:\personal_resources\CV_research\boxmot\output\bee_foreground_new_model_labeled300\masked\002059\BEE24-35_002913_det02_tr0005.jpg,002059/BEE24-35_002913_det02_tr0005.jpg,base300,233,
234,images/newmask_train400_0234.jpg,head_left,114.602821,D:\personal_resources\CV_research\boxmot\output\bee_foreground_new_model_labeled300\masked\000589\BEE24-33_000723_det27_tr0012.jpg,000589/BEE24-33_000723_det27_tr0012.jpg,base300,234,
235,images/newmask_train400_0235.jpg,unclear,-24.171719,D:\personal_resources\CV_research\boxmot\output\bee_foreground_new_model_labeled300\masked\000649\BEE24-33_000801_det34_tr0015.jpg,000649/BEE24-33_000801_det34_tr0015.jpg,base300,235,
236,images/newmask_train400_0236.jpg,head_left,76.114403,D:\personal_resources\CV_research\boxmot\output\bee_foreground_new_model_labeled300\masked\001868\BEE24-33_002132_det17_tr0023.jpg,001868/BEE24-33_002132_det17_tr0023.jpg,base300,236,
237,images/newmask_train400_0237.jpg,head_left,65.073044,D:\personal_resources\CV_research\boxmot\output\bee_foreground_new_model_labeled300\masked\001268\BEE24-33_002561_det32_tr0003.jpg,001268/BEE24-33_002561_det32_tr0003.jpg,base300,237,
238,images/newmask_train400_0238.jpg,head_right,10.312002,D:\personal_resources\CV_research\boxmot\output\bee_foreground_new_model_labeled300\masked\002191\BEE24-35_004963_det09_tr0014.jpg,002191/BEE24-35_004963_det09_tr0014.jpg,base300,238,
239,images/newmask_train400_0239.jpg,unclear,62.571995,D:\personal_resources\CV_research\boxmot\output\bee_foreground_new_model_labeled300\masked\002079\BEE24-35_002753_det05_tr0005.jpg,002079/BEE24-35_002753_det05_tr0005.jpg,base300,239,
240,images/newmask_train400_0240.jpg,head_left,12.74961,D:\personal_resources\CV_research\boxmot\output\bee_foreground_new_model_labeled300\masked\001698\BEE24-33_004687_det35_tr0001.jpg,001698/BEE24-33_004687_det35_tr0001.jpg,base300,240,
241,images/newmask_train400_0241.jpg,head_left,5.028588,D:\personal_resources\CV_research\boxmot\output\bee_foreground_new_model_labeled300\masked\001781\BEE24-33_004985_det36_tr0009.jpg,001781/BEE24-33_004985_det36_tr0009.jpg,base300,241,
242,images/newmask_train400_0242.jpg,head_left,-8.346599,D:\personal_resources\CV_research\boxmot\output\bee_foreground_new_model_labeled300\masked\001357\BEE24-33_002866_det25_tr0012.jpg,001357/BEE24-33_002866_det25_tr0012.jpg,base300,242,
243,images/newmask_train400_0243.jpg,unclear,28.905991,D:\personal_resources\CV_research\boxmot\output\bee_foreground_new_model_labeled300\masked\000754\BEE24-33_000554_det36_tr0002.jpg,000754/BEE24-33_000554_det36_tr0002.jpg,base300,243,
244,images/newmask_train400_0244.jpg,head_right,-11.520988,D:\personal_resources\CV_research\boxmot\output\bee_foreground_new_model_labeled300\masked\002194\BEE24-13_000048_det00_tr0007.jpg,002194/BEE24-13_000048_det00_tr0007.jpg,base300,244,
245,images/newmask_train400_0245.jpg,unclear,-33.352364,D:\personal_resources\CV_research\boxmot\output\bee_foreground_new_model_labeled300\masked\001391\BEE24-33_002974_det38_tr0005.jpg,001391/BEE24-33_002974_det38_tr0005.jpg,base300,245,
246,images/newmask_train400_0246.jpg,unclear,-30.616148,D:\personal_resources\CV_research\boxmot\output\bee_foreground_new_model_labeled300\masked\000860\BEE24-33_000351_det26_tr0006.jpg,000860/BEE24-33_000351_det26_tr0006.jpg,base300,246,
247,images/newmask_train400_0247.jpg,head_right,-29.347593,D:\personal_resources\CV_research\boxmot\output\bee_foreground_new_model_labeled300\masked\002264\BEE24-16_000159_det11_tr0013.jpg,002264/BEE24-16_000159_det11_tr0013.jpg,base300,247,
248,images/newmask_train400_0248.jpg,head_left,-20.510054,D:\personal_resources\CV_research\boxmot\output\bee_foreground_new_model_labeled300\masked\000405\BEE24-26_000031_det01_tr0024.jpg,000405/BEE24-26_000031_det01_tr0024.jpg,base300,248,
249,images/newmask_train400_0249.jpg,head_left,66.176857,D:\personal_resources\CV_research\boxmot\output\bee_foreground_new_model_labeled300\masked\002211\BEE24-13_000039_det17_tr0007.jpg,002211/BEE24-13_000039_det17_tr0007.jpg,base300,249,
250,images/newmask_train400_0250.jpg,head_right,132.433884,D:\personal_resources\CV_research\boxmot\output\bee_foreground_new_model_labeled300\masked\001318\BEE24-33_002975_det10_tr0011.jpg,001318/BEE24-33_002975_det10_tr0011.jpg,base300,250,
251,images/newmask_train400_0251.jpg,head_left,7.212678,D:\personal_resources\CV_research\boxmot\output\bee_foreground_new_model_labeled300\masked\001405\BEE24-33_003125_det31_tr0015.jpg,001405/BEE24-33_003125_det31_tr0015.jpg,base300,251,
252,images/newmask_train400_0252.jpg,head_right,21.540339,D:\personal_resources\CV_research\boxmot\output\bee_foreground_new_model_labeled300\masked\000649\BEE24-33_000494_det35_tr0003.jpg,000649/BEE24-33_000494_det35_tr0003.jpg,base300,252,
253,images/newmask_train400_0253.jpg,unclear,16.623966,D:\personal_resources\CV_research\boxmot\output\bee_foreground_new_model_labeled300\masked\000649\BEE24-33_000501_det31_tr0004.jpg,000649/BEE24-33_000501_det31_tr0004.jpg,base300,253,
254,images/newmask_train400_0254.jpg,head_left,81.755249,D:\personal_resources\CV_research\boxmot\output\bee_foreground_new_model_labeled300\masked\001876\BEE24-33_002461_det23_tr0004.jpg,001876/BEE24-33_002461_det23_tr0004.jpg,base300,254,
255,images/newmask_train400_0255.jpg,head_right,-39.438644,D:\personal_resources\CV_research\boxmot\output\bee_foreground_new_model_labeled300\masked\000819\BEE24-33_000287_det28_tr0003.jpg,000819/BEE24-33_000287_det28_tr0003.jpg,base300,255,
256,images/newmask_train400_0256.jpg,unclear,123.208244,D:\personal_resources\CV_research\boxmot\output\bee_foreground_new_model_labeled300\masked\000036\BEE24-06_000068_det01_tr0036.jpg,000036/BEE24-06_000068_det01_tr0036.jpg,base300,256,
257,images/newmask_train400_0257.jpg,unclear,-5.297604,D:\personal_resources\CV_research\boxmot\output\bee_foreground_new_model_labeled300\masked\001710\BEE24-33_004711_det40_tr0016.jpg,001710/BEE24-33_004711_det40_tr0016.jpg,base300,257,
258,images/newmask_train400_0258.jpg,head_left,50.489975,D:\personal_resources\CV_research\boxmot\output\bee_foreground_new_model_labeled300\masked\002001\BEE24-35_000956_det11_tr0007.jpg,002001/BEE24-35_000956_det11_tr0007.jpg,base300,258,
259,images/newmask_train400_0259.jpg,head_right,26.155165,D:\personal_resources\CV_research\boxmot\output\bee_foreground_new_model_labeled300\masked\001133\BEE24-33_002070_det26_tr0007.jpg,001133/BEE24-33_002070_det26_tr0007.jpg,base300,259,
260,images/newmask_train400_0260.jpg,head_left,2.222743,D:\personal_resources\CV_research\boxmot\output\bee_foreground_new_model_labeled300\masked\000518\BEE24-33_000589_det40_tr0009.jpg,000518/BEE24-33_000589_det40_tr0009.jpg,base300,260,
261,images/newmask_train400_0261.jpg,head_left,129.32164,D:\personal_resources\CV_research\boxmot\output\bee_foreground_new_model_labeled300\masked\001191\BEE24-33_002366_det22_tr0016.jpg,001191/BEE24-33_002366_det22_tr0016.jpg,base300,261,
262,images/newmask_train400_0262.jpg,head_left,85.20443,D:\personal_resources\CV_research\boxmot\output\bee_foreground_new_model_labeled300\masked\000242\BEE24-18_000020_det07_tr0010.jpg,000242/BEE24-18_000020_det07_tr0010.jpg,base300,262,
263,images/newmask_train400_0263.jpg,head_left,118.404831,D:\personal_resources\CV_research\boxmot\output\bee_foreground_new_model_labeled300\masked\000315\BEE24-22_000020_det08_tr0010.jpg,000315/BEE24-22_000020_det08_tr0010.jpg,base300,263,
264,images/newmask_train400_0264.jpg,unclear,133.918808,D:\personal_resources\CV_research\boxmot\output\bee_foreground_new_model_labeled300\masked\000871\BEE24-33_001096_det34_tr0010.jpg,000871/BEE24-33_001096_det34_tr0010.jpg,base300,264,
265,images/newmask_train400_0265.jpg,head_left,5.567787,D:\personal_resources\CV_research\boxmot\output\bee_foreground_new_model_labeled300\masked\000229\BEE24-17_000061_det04_tr0011.jpg,000229/BEE24-17_000061_det04_tr0011.jpg,base300,265,
266,images/newmask_train400_0266.jpg,head_right,29.436953,D:\personal_resources\CV_research\boxmot\output\bee_foreground_new_model_labeled300\masked\000821\BEE24-33_000354_det12_tr0010.jpg,000821/BEE24-33_000354_det12_tr0010.jpg,base300,266,
267,images/newmask_train400_0267.jpg,head_right,39.957302,D:\personal_resources\CV_research\boxmot\output\bee_foreground_new_model_labeled300\masked\002170\BEE24-35_004390_det09_tr0004.jpg,002170/BEE24-35_004390_det09_tr0004.jpg,base300,267,
268,images/newmask_train400_0268.jpg,head_left,70.042587,D:\personal_resources\CV_research\boxmot\output\bee_foreground_new_model_labeled300\masked\001009\BEE24-33_001466_det28_tr0008.jpg,001009/BEE24-33_001466_det28_tr0008.jpg,base300,268,
269,images/newmask_train400_0269.jpg,head_left,89.835281,D:\personal_resources\CV_research\boxmot\output\bee_foreground_new_model_labeled300\masked\001667\BEE24-33_004576_det33_tr0004.jpg,001667/BEE24-33_004576_det33_tr0004.jpg,base300,269,
270,images/newmask_train400_0270.jpg,unclear,54.671501,D:\personal_resources\CV_research\boxmot\output\bee_foreground_new_model_labeled300\masked\000381\BEE24-24_000068_det10_tr0003.jpg,000381/BEE24-24_000068_det10_tr0003.jpg,base300,270,
271,images/newmask_train400_0271.jpg,unclear,-1.837877,D:\personal_resources\CV_research\boxmot\output\bee_foreground_new_model_labeled300\masked\000809\BEE24-33_001035_det33_tr0014.jpg,000809/BEE24-33_001035_det33_tr0014.jpg,base300,271,
272,images/newmask_train400_0272.jpg,unclear,-14.258517,D:\personal_resources\CV_research\boxmot\output\bee_foreground_new_model_labeled300\masked\000662\BEE24-33_000501_det37_tr0015.jpg,000662/BEE24-33_000501_det37_tr0015.jpg,base300,272,
273,images/newmask_train400_0273.jpg,head_left,-26.10552,D:\personal_resources\CV_research\boxmot\output\bee_foreground_new_model_labeled300\masked\000972\BEE24-33_001313_det40_tr0001.jpg,000972/BEE24-33_001313_det40_tr0001.jpg,base300,273,
274,images/newmask_train400_0274.jpg,head_left,32.748314,D:\personal_resources\CV_research\boxmot\output\bee_foreground_new_model_labeled300\masked\001741\BEE24-33_004863_det37_tr0009.jpg,001741/BEE24-33_004863_det37_tr0009.jpg,base300,274,
275,images/newmask_train400_0275.jpg,head_right,127.034912,D:\personal_resources\CV_research\boxmot\output\bee_foreground_new_model_labeled300\masked\000529\BEE24-33_000023_det13_tr0000.jpg,000529/BEE24-33_000023_det13_tr0000.jpg,base300,275,
276,images/newmask_train400_0276.jpg,head_left,-9.356018,D:\personal_resources\CV_research\boxmot\output\bee_foreground_new_model_labeled300\masked\001543\BEE24-33_004003_det38_tr0020.jpg,001543/BEE24-33_004003_det38_tr0020.jpg,base300,276,
277,images/newmask_train400_0277.jpg,head_left,78.435944,D:\personal_resources\CV_research\boxmot\output\bee_foreground_new_model_labeled300\masked\001783\BEE24-33_004991_det38_tr0001.jpg,001783/BEE24-33_004991_det38_tr0001.jpg,base300,277,
278,images/newmask_train400_0278.jpg,head_right,99.868454,D:\personal_resources\CV_research\boxmot\output\bee_foreground_new_model_labeled300\masked\002201\BEE24-13_000179_det04_tr0027.jpg,002201/BEE24-13_000179_det04_tr0027.jpg,base300,278,
279,images/newmask_train400_0279.jpg,head_right,-1.952357,D:\personal_resources\CV_research\boxmot\output\bee_foreground_new_model_labeled300\masked\001152\BEE24-33_002182_det24_tr0004.jpg,001152/BEE24-33_002182_det24_tr0004.jpg,base300,279,
280,images/newmask_train400_0280.jpg,head_right,-5.49965,D:\personal_resources\CV_research\boxmot\output\bee_foreground_new_model_labeled300\masked\000004\BEE24-01_000028_det03_tr0014.jpg,000004/BEE24-01_000028_det03_tr0014.jpg,base300,280,
281,images/newmask_train400_0281.jpg,unclear,87.645882,D:\personal_resources\CV_research\boxmot\output\bee_foreground_new_model_labeled300\masked\001589\BEE24-33_004268_det32_tr0012.jpg,001589/BEE24-33_004268_det32_tr0012.jpg,base300,281,
282,images/newmask_train400_0282.jpg,head_right,30.548565,D:\personal_resources\CV_research\boxmot\output\bee_foreground_new_model_labeled300\masked\001762\BEE24-33_004913_det38_tr0000.jpg,001762/BEE24-33_004913_det38_tr0000.jpg,base300,282,
283,images/newmask_train400_0283.jpg,unclear,-23.711758,D:\personal_resources\CV_research\boxmot\output\bee_foreground_new_model_labeled300\masked\001262\BEE24-33_002532_det34_tr0002.jpg,001262/BEE24-33_002532_det34_tr0002.jpg,base300,283,
284,images/newmask_train400_0284.jpg,head_left,91.497864,D:\personal_resources\CV_research\boxmot\output\bee_foreground_new_model_labeled300\masked\000403\BEE24-26_000005_det01_tr0003.jpg,000403/BEE24-26_000005_det01_tr0003.jpg,base300,284,
285,images/newmask_train400_0285.jpg,unclear,-1.879453,D:\personal_resources\CV_research\boxmot\output\bee_foreground_new_model_labeled300\masked\000713\BEE24-33_000175_det35_tr0000.jpg,000713/BEE24-33_000175_det35_tr0000.jpg,base300,285,
286,images/newmask_train400_0286.jpg,head_left,39.75132,D:\personal_resources\CV_research\boxmot\output\bee_foreground_new_model_labeled300\masked\000332\BEE24-23_000064_det00_tr0034.jpg,000332/BEE24-23_000064_det00_tr0034.jpg,base300,286,
287,images/newmask_train400_0287.jpg,head_right,2.716639,D:\personal_resources\CV_research\boxmot\output\bee_foreground_new_model_labeled300\masked\000037\BEE24-06_000034_det02_tr0017.jpg,000037/BEE24-06_000034_det02_tr0017.jpg,base300,287,
288,images/newmask_train400_0288.jpg,unclear,26.304537,D:\personal_resources\CV_research\boxmot\output\bee_foreground_new_model_labeled300\masked\001371\BEE24-33_002888_det34_tr0012.jpg,001371/BEE24-33_002888_det34_tr0012.jpg,base300,288,
289,images/newmask_train400_0289.jpg,unclear,80.219894,D:\personal_resources\CV_research\boxmot\output\bee_foreground_new_model_labeled300\masked\000908\BEE24-33_001136_det40_tr0004.jpg,000908/BEE24-33_001136_det40_tr0004.jpg,base300,289,
290,images/newmask_train400_0290.jpg,unclear,-3.316933,D:\personal_resources\CV_research\boxmot\output\bee_foreground_new_model_labeled300\masked\000443\BEE24-27_000056_det09_tr0020.jpg,000443/BEE24-27_000056_det09_tr0020.jpg,base300,290,
291,images/newmask_train400_0291.jpg,head_left,71.345909,D:\personal_resources\CV_research\boxmot\output\bee_foreground_new_model_labeled300\masked\000097\BEE24-11_000013_det02_tr0009.jpg,000097/BEE24-11_000013_det02_tr0009.jpg,base300,291,
292,images/newmask_train400_0292.jpg,head_right,48.731846,D:\personal_resources\CV_research\boxmot\output\bee_foreground_new_model_labeled300\masked\002022\BEE24-35_001429_det10_tr0005.jpg,002022/BEE24-35_001429_det10_tr0005.jpg,base300,292,
293,images/newmask_train400_0293.jpg,head_right,-4.693193,D:\personal_resources\CV_research\boxmot\output\bee_foreground_new_model_labeled300\masked\001199\BEE24-33_002411_det22_tr0018.jpg,001199/BEE24-33_002411_det22_tr0018.jpg,base300,293,
294,images/newmask_train400_0294.jpg,head_left,28.260965,D:\personal_resources\CV_research\boxmot\output\bee_foreground_new_model_labeled300\masked\001033\BEE24-33_001785_det25_tr0007.jpg,001033/BEE24-33_001785_det25_tr0007.jpg,base300,294,
295,images/newmask_train400_0295.jpg,head_left,15.588167,D:\personal_resources\CV_research\boxmot\output\bee_foreground_new_model_labeled300\masked\001520\BEE24-33_003803_det27_tr0021.jpg,001520/BEE24-33_003803_det27_tr0021.jpg,base300,295,
296,images/newmask_train400_0296.jpg,head_right,121.870857,D:\personal_resources\CV_research\boxmot\output\bee_foreground_new_model_labeled300\masked\001470\BEE24-33_003460_det28_tr0021.jpg,001470/BEE24-33_003460_det28_tr0021.jpg,base300,296,
297,images/newmask_train400_0297.jpg,head_right,10.836169,D:\personal_resources\CV_research\boxmot\output\bee_foreground_new_model_labeled300\masked\001348\BEE24-33_002806_det30_tr0011.jpg,001348/BEE24-33_002806_det30_tr0011.jpg,base300,297,
298,images/newmask_train400_0298.jpg,head_left,-29.540827,D:\personal_resources\CV_research\boxmot\output\bee_foreground_new_model_labeled300\masked\000990\BEE24-33_001548_det04_tr0017.jpg,000990/BEE24-33_001548_det04_tr0017.jpg,base300,298,
299,images/newmask_train400_0299.jpg,head_left,30.63533,D:\personal_resources\CV_research\boxmot\output\bee_foreground_new_model_labeled300\masked\002238\BEE24-16_000088_det02_tr0013.jpg,002238/BEE24-16_000088_det02_tr0013.jpg,base300,299,
300,images/newmask_train400_0300.jpg,head_right,4.419613,D:\personal_resources\CV_research\boxmot\output\bee_foreground_new_model_labeled300\masked\000243\BEE24-18_000019_det08_tr0014.jpg,000243/BEE24-18_000019_det08_tr0014.jpg,base300,300,
301,images/newmask_train400_0301.jpg,head_right,30.762972,D:\personal_resources\CV_research\boxmot\output\bee_orientation_labeling\newmask_supplement_100_20260517\masked\002058\BEE24-35_002277_det08_tr0023.jpg,002058/BEE24-35_002277_det08_tr0023.jpg,supp100,1,
302,images/newmask_train400_0302.jpg,head_right,83.447243,D:\personal_resources\CV_research\boxmot\output\bee_orientation_labeling\newmask_supplement_100_20260517\masked\000283\BEE24-20_000065_det03_tr0034.jpg,000283/BEE24-20_000065_det03_tr0034.jpg,supp100,2,
303,images/newmask_train400_0303.jpg,head_right,57.910999,D:\personal_resources\CV_research\boxmot\output\bee_orientation_labeling\newmask_supplement_100_20260517\masked\000002\BEE24-01_000035_det01_tr0018.jpg,000002/BEE24-01_000035_det01_tr0018.jpg,supp100,3,
304,images/newmask_train400_0304.jpg,head_right,116.95858,D:\personal_resources\CV_research\boxmot\output\bee_orientation_labeling\newmask_supplement_100_20260517\masked\000428\BEE24-27_000046_det01_tr0024.jpg,000428/BEE24-27_000046_det01_tr0024.jpg,supp100,4,
305,images/newmask_train400_0305.jpg,head_right,36.677212,D:\personal_resources\CV_research\boxmot\output\bee_orientation_labeling\newmask_supplement_100_20260517\masked\002140\BEE24-35_003947_det08_tr0006.jpg,002140/BEE24-35_003947_det08_tr0006.jpg,supp100,5,
306,images/newmask_train400_0306.jpg,head_right,73.928848,D:\personal_resources\CV_research\boxmot\output\bee_orientation_labeling\newmask_supplement_100_20260517\masked\000014\BEE24-02_000071_det03_tr0038.jpg,000014/BEE24-02_000071_det03_tr0038.jpg,supp100,6,
307,images/newmask_train400_0307.jpg,head_right,-24.352448,D:\personal_resources\CV_research\boxmot\output\bee_orientation_labeling\newmask_supplement_100_20260517\masked\000041\BEE24-06_000020_det06_tr0010.jpg,000041/BEE24-06_000020_det06_tr0010.jpg,supp100,7,
308,images/newmask_train400_0308.jpg,head_right,56.672031,D:\personal_resources\CV_research\boxmot\output\bee_orientation_labeling\newmask_supplement_100_20260517\masked\002009\BEE24-35_001151_det09_tr0013.jpg,002009/BEE24-35_001151_det09_tr0013.jpg,supp100,8,
309,images/newmask_train400_0309.jpg,head_right,52.779392,D:\personal_resources\CV_research\boxmot\output\bee_orientation_labeling\newmask_supplement_100_20260517\masked\000207\BEE24-15_000226_det07_tr0022.jpg,000207/BEE24-15_000226_det07_tr0022.jpg,supp100,9,
310,images/newmask_train400_0310.jpg,head_right,33.503529,D:\personal_resources\CV_research\boxmot\output\bee_orientation_labeling\newmask_supplement_100_20260517\masked\002098\BEE24-35_003191_det08_tr0011.jpg,002098/BEE24-35_003191_det08_tr0011.jpg,supp100,10,
311,images/newmask_train400_0311.jpg,head_right,-36.924862,D:\personal_resources\CV_research\boxmot\output\bee_orientation_labeling\newmask_supplement_100_20260517\masked\000048\BEE24-07_000037_det05_tr0019.jpg,000048/BEE24-07_000037_det05_tr0019.jpg,supp100,11,
312,images/newmask_train400_0312.jpg,head_right,78.268478,D:\personal_resources\CV_research\boxmot\output\bee_orientation_labeling\newmask_supplement_100_20260517\masked\000456\BEE24-28_000005_det07_tr0003.jpg,000456/BEE24-28_000005_det07_tr0003.jpg,supp100,12,
313,images/newmask_train400_0313.jpg,head_right,31.840223,D:\personal_resources\CV_research\boxmot\output\bee_orientation_labeling\newmask_supplement_100_20260517\masked\001983\BEE24-35_000331_det10_tr0015.jpg,001983/BEE24-35_000331_det10_tr0015.jpg,supp100,13,
314,images/newmask_train400_0314.jpg,head_right,105.754776,D:\personal_resources\CV_research\boxmot\output\bee_orientation_labeling\newmask_supplement_100_20260517\masked\000763\BEE24-33_000959_det27_tr0022.jpg,000763/BEE24-33_000959_det27_tr0022.jpg,supp100,14,
315,images/newmask_train400_0315.jpg,head_left,91.236183,D:\personal_resources\CV_research\boxmot\output\bee_orientation_labeling\newmask_supplement_100_20260517\masked\000477\BEE24-29_000068_det04_tr0003.jpg,000477/BEE24-29_000068_det04_tr0003.jpg,supp100,15,
316,images/newmask_train400_0316.jpg,head_right,120.907555,D:\personal_resources\CV_research\boxmot\output\bee_orientation_labeling\newmask_supplement_100_20260517\masked\000160\BEE24-15_000181_det00_tr0030.jpg,000160/BEE24-15_000181_det00_tr0030.jpg,supp100,16,
317,images/newmask_train400_0317.jpg,head_left,101.104553,D:\personal_resources\CV_research\boxmot\output\bee_orientation_labeling\newmask_supplement_100_20260517\masked\000315\BEE24-22_000009_det11_tr0001.jpg,000315/BEE24-22_000009_det11_tr0001.jpg,supp100,17,
318,images/newmask_train400_0318.jpg,head_left,53.088593,D:\personal_resources\CV_research\boxmot\output\bee_orientation_labeling\newmask_supplement_100_20260517\masked\000497\BEE24-31_000038_det05_tr0010.jpg,000497/BEE24-31_000038_det05_tr0010.jpg,supp100,18,
319,images/newmask_train400_0319.jpg,unclear,99.136208,D:\personal_resources\CV_research\boxmot\output\bee_orientation_labeling\newmask_supplement_100_20260517\masked\000365\BEE24-24_000029_det08_tr0015.jpg,000365/BEE24-24_000029_det08_tr0015.jpg,supp100,19,
320,images/newmask_train400_0320.jpg,head_right,90.402489,D:\personal_resources\CV_research\boxmot\output\bee_orientation_labeling\newmask_supplement_100_20260517\masked\001959\BEE24-33_004901_det19_tr0011.jpg,001959/BEE24-33_004901_det19_tr0011.jpg,supp100,20,
321,images/newmask_train400_0321.jpg,head_left,-2.415529,D:\personal_resources\CV_research\boxmot\output\bee_orientation_labeling\newmask_supplement_100_20260517\masked\000031\BEE24-05_000017_det01_tr0008.jpg,000031/BEE24-05_000017_det01_tr0008.jpg,supp100,21,
322,images/newmask_train400_0322.jpg,unclear,-14.3098,D:\personal_resources\CV_research\boxmot\output\bee_orientation_labeling\newmask_supplement_100_20260517\masked\000229\BEE24-17_000065_det04_tr0014.jpg,000229/BEE24-17_000065_det04_tr0014.jpg,supp100,22,
323,images/newmask_train400_0323.jpg,head_left,-20.739035,D:\personal_resources\CV_research\boxmot\output\bee_orientation_labeling\newmask_supplement_100_20260517\masked\000502\BEE24-31_000050_det08_tr0003.jpg,000502/BEE24-31_000050_det08_tr0003.jpg,supp100,23,
324,images/newmask_train400_0324.jpg,head_left,22.83119,D:\personal_resources\CV_research\boxmot\output\bee_orientation_labeling\newmask_supplement_100_20260517\masked\000298\BEE24-21_000031_det04_tr0009.jpg,000298/BEE24-21_000031_det04_tr0009.jpg,supp100,24,
325,images/newmask_train400_0325.jpg,head_right,-4.417353,D:\personal_resources\CV_research\boxmot\output\bee_orientation_labeling\newmask_supplement_100_20260517\masked\000044\BEE24-07_000062_det01_tr0033.jpg,000044/BEE24-07_000062_det01_tr0033.jpg,supp100,25,
326,images/newmask_train400_0326.jpg,head_right,-2.360351,D:\personal_resources\CV_research\boxmot\output\bee_orientation_labeling\newmask_supplement_100_20260517\masked\000927\BEE24-33_000422_det15_tr0002.jpg,000927/BEE24-33_000422_det15_tr0002.jpg,supp100,26,
327,images/newmask_train400_0327.jpg,head_right,127.355904,D:\personal_resources\CV_research\boxmot\output\bee_orientation_labeling\newmask_supplement_100_20260517\masked\001982\BEE24-35_000260_det08_tr0010.jpg,001982/BEE24-35_000260_det08_tr0010.jpg,supp100,27,
328,images/newmask_train400_0328.jpg,head_left,94.602547,D:\personal_resources\CV_research\boxmot\output\bee_orientation_labeling\newmask_supplement_100_20260517\masked\001717\BEE24-33_004796_det30_tr0021.jpg,001717/BEE24-33_004796_det30_tr0021.jpg,supp100,28,
329,images/newmask_train400_0329.jpg,head_right,-40.55043,D:\personal_resources\CV_research\boxmot\output\bee_orientation_labeling\newmask_supplement_100_20260517\masked\000219\BEE24-17_000010_det04_tr0007.jpg,000219/BEE24-17_000010_det04_tr0007.jpg,supp100,29,
330,images/newmask_train400_0330.jpg,head_right,-39.307552,D:\personal_resources\CV_research\boxmot\output\bee_orientation_labeling\newmask_supplement_100_20260517\masked\001177\BEE24-33_002403_det16_tr0016.jpg,001177/BEE24-33_002403_det16_tr0016.jpg,supp100,30,
331,images/newmask_train400_0331.jpg,head_right,61.235081,D:\personal_resources\CV_research\boxmot\output\bee_orientation_labeling\newmask_supplement_100_20260517\masked\000201\BEE24-15_000161_det10_tr0001.jpg,000201/BEE24-15_000161_det10_tr0001.jpg,supp100,31,
332,images/newmask_train400_0332.jpg,head_right,11.996004,D:\personal_resources\CV_research\boxmot\output\bee_orientation_labeling\newmask_supplement_100_20260517\masked\000162\BEE24-15_000113_det08_tr0018.jpg,000162/BEE24-15_000113_det08_tr0018.jpg,supp100,32,
333,images/newmask_train400_0333.jpg,head_right,46.774422,D:\personal_resources\CV_research\boxmot\output\bee_orientation_labeling\newmask_supplement_100_20260517\masked\000431\BEE24-27_000030_det04_tr0023.jpg,000431/BEE24-27_000030_det04_tr0023.jpg,supp100,33,
334,images/newmask_train400_0334.jpg,head_left,109.091919,D:\personal_resources\CV_research\boxmot\output\bee_orientation_labeling\newmask_supplement_100_20260517\masked\002111\BEE24-35_003756_det07_tr0020.jpg,002111/BEE24-35_003756_det07_tr0020.jpg,supp100,34,
335,images/newmask_train400_0335.jpg,head_right,-39.062382,D:\personal_resources\CV_research\boxmot\output\bee_orientation_labeling\newmask_supplement_100_20260517\masked\001251\BEE24-33_002523_det27_tr0007.jpg,001251/BEE24-33_002523_det27_tr0007.jpg,supp100,35,
336,images/newmask_train400_0336.jpg,head_right,75.40834,D:\personal_resources\CV_research\boxmot\output\bee_orientation_labeling\newmask_supplement_100_20260517\masked\000221\BEE24-17_000036_det02_tr0019.jpg,000221/BEE24-17_000036_det02_tr0019.jpg,supp100,36,
337,images/newmask_train400_0337.jpg,head_right,-7.951873,D:\personal_resources\CV_research\boxmot\output\bee_orientation_labeling\newmask_supplement_100_20260517\masked\001802\BEE24-33_002265_det11_tr0004.jpg,001802/BEE24-33_002265_det11_tr0004.jpg,supp100,37,
338,images/newmask_train400_0338.jpg,unclear,-40.225842,D:\personal_resources\CV_research\boxmot\output\bee_orientation_labeling\newmask_supplement_100_20260517\masked\001719\BEE24-33_004752_det37_tr0009.jpg,001719/BEE24-33_004752_det37_tr0009.jpg,supp100,38,
339,images/newmask_train400_0339.jpg,head_right,-9.272902,D:\personal_resources\CV_research\boxmot\output\bee_orientation_labeling\newmask_supplement_100_20260517\masked\001847\BEE24-33_002336_det21_tr0000.jpg,001847/BEE24-33_002336_det21_tr0000.jpg,supp100,39,
340,images/newmask_train400_0340.jpg,head_left,115.288177,D:\personal_resources\CV_research\boxmot\output\bee_orientation_labeling\newmask_supplement_100_20260517\masked\001866\BEE24-33_001765_det31_tr0000.jpg,001866/BEE24-33_001765_det31_tr0000.jpg,supp100,40,
341,images/newmask_train400_0341.jpg,unclear,108.535492,D:\personal_resources\CV_research\boxmot\output\bee_orientation_labeling\newmask_supplement_100_20260517\masked\000224\BEE24-17_000024_det05_tr0004.jpg,000224/BEE24-17_000024_det05_tr0004.jpg,supp100,41,
342,images/newmask_train400_0342.jpg,head_left,103.568687,D:\personal_resources\CV_research\boxmot\output\bee_orientation_labeling\newmask_supplement_100_20260517\masked\001715\BEE24-33_001607_det27_tr0000.jpg,001715/BEE24-33_001607_det27_tr0000.jpg,supp100,42,
343,images/newmask_train400_0343.jpg,head_right,4.118925,D:\personal_resources\CV_research\boxmot\output\bee_orientation_labeling\newmask_supplement_100_20260517\masked\000030\BEE24-05_000056_det00_tr0030.jpg,000030/BEE24-05_000056_det00_tr0030.jpg,supp100,43,
344,images/newmask_train400_0344.jpg,head_right,77.054611,D:\personal_resources\CV_research\boxmot\output\bee_orientation_labeling\newmask_supplement_100_20260517\masked\000052\BEE24-07_000043_det07_tr0002.jpg,000052/BEE24-07_000043_det07_tr0002.jpg,supp100,44,
345,images/newmask_train400_0345.jpg,head_left,74.066139,D:\personal_resources\CV_research\boxmot\output\bee_orientation_labeling\newmask_supplement_100_20260517\masked\000668\BEE24-33_000589_det09_tr0021.jpg,000668/BEE24-33_000589_det09_tr0021.jpg,supp100,45,
346,images/newmask_train400_0346.jpg,head_left,63.373402,D:\personal_resources\CV_research\boxmot\output\bee_orientation_labeling\newmask_supplement_100_20260517\masked\000499\BEE24-31_000064_det03_tr0028.jpg,000499/BEE24-31_000064_det03_tr0028.jpg,supp100,46,
347,images/newmask_train400_0347.jpg,head_left,105.528839,D:\personal_resources\CV_research\boxmot\output\bee_orientation_labeling\newmask_supplement_100_20260517\masked\002244\BEE24-16_000068_det07_tr0010.jpg,002244/BEE24-16_000068_det07_tr0010.jpg,supp100,47,
348,images/newmask_train400_0348.jpg,head_left,34.529045,D:\personal_resources\CV_research\boxmot\output\bee_orientation_labeling\newmask_supplement_100_20260517\masked\000678\BEE24-33_000156_det27_tr0017.jpg,000678/BEE24-33_000156_det27_tr0017.jpg,supp100,48,
349,images/newmask_train400_0349.jpg,head_left,-40.755814,D:\personal_resources\CV_research\boxmot\output\bee_orientation_labeling\newmask_supplement_100_20260517\masked\001174\BEE24-33_002325_det23_tr0019.jpg,001174/BEE24-33_002325_det23_tr0019.jpg,supp100,49,
350,images/newmask_train400_0350.jpg,head_left,48.379681,D:\personal_resources\CV_research\boxmot\output\bee_orientation_labeling\newmask_supplement_100_20260517\masked\000611\BEE24-33_000461_det34_tr0007.jpg,000611/BEE24-33_000461_det34_tr0007.jpg,supp100,50,
351,images/newmask_train400_0351.jpg,head_right,8.707356,D:\personal_resources\CV_research\boxmot\output\bee_orientation_labeling\newmask_supplement_100_20260517\masked\001585\BEE24-33_001553_det11_tr0011.jpg,001585/BEE24-33_001553_det11_tr0011.jpg,supp100,51,
352,images/newmask_train400_0352.jpg,head_left,128.218781,D:\personal_resources\CV_research\boxmot\output\bee_orientation_labeling\newmask_supplement_100_20260517\masked\001943\BEE24-33_003905_det33_tr0002.jpg,001943/BEE24-33_003905_det33_tr0002.jpg,supp100,52,
353,images/newmask_train400_0353.jpg,head_left,58.578472,D:\personal_resources\CV_research\boxmot\output\bee_orientation_labeling\newmask_supplement_100_20260517\masked\000071\BEE24-09_000032_det06_tr0003.jpg,000071/BEE24-09_000032_det06_tr0003.jpg,supp100,53,
354,images/newmask_train400_0354.jpg,head_left,73.560295,D:\personal_resources\CV_research\boxmot\output\bee_orientation_labeling\newmask_supplement_100_20260517\masked\002103\BEE24-35_003216_det10_tr0017.jpg,002103/BEE24-35_003216_det10_tr0017.jpg,supp100,54,
355,images/newmask_train400_0355.jpg,head_left,69.773735,D:\personal_resources\CV_research\boxmot\output\bee_orientation_labeling\newmask_supplement_100_20260517\masked\001584\BEE24-33_004223_det35_tr0000.jpg,001584/BEE24-33_004223_det35_tr0000.jpg,supp100,55,
356,images/newmask_train400_0356.jpg,head_left,87.556435,D:\personal_resources\CV_research\boxmot\output\bee_orientation_labeling\newmask_supplement_100_20260517\masked\001747\BEE24-33_004927_det27_tr0017.jpg,001747/BEE24-33_004927_det27_tr0017.jpg,supp100,56,
357,images/newmask_train400_0357.jpg,head_right,-21.491375,D:\personal_resources\CV_research\boxmot\output\bee_orientation_labeling\newmask_supplement_100_20260517\masked\001493\BEE24-33_003549_det37_tr0014.jpg,001493/BEE24-33_003549_det37_tr0014.jpg,supp100,57,
358,images/newmask_train400_0358.jpg,head_left,71.578278,D:\personal_resources\CV_research\boxmot\output\bee_orientation_labeling\newmask_supplement_100_20260517\masked\001047\BEE24-33_001947_det10_tr0023.jpg,001047/BEE24-33_001947_det10_tr0023.jpg,supp100,58,
359,images/newmask_train400_0359.jpg,unclear,-23.071625,D:\personal_resources\CV_research\boxmot\output\bee_orientation_labeling\newmask_supplement_100_20260517\masked\001000\BEE24-33_001410_det34_tr0015.jpg,001000/BEE24-33_001410_det34_tr0015.jpg,supp100,59,
360,images/newmask_train400_0360.jpg,head_right,-26.548052,D:\personal_resources\CV_research\boxmot\output\bee_orientation_labeling\newmask_supplement_100_20260517\masked\001321\BEE24-33_002723_det29_tr0004.jpg,001321/BEE24-33_002723_det29_tr0004.jpg,supp100,60,
361,images/newmask_train400_0361.jpg,head_left,31.6705,D:\personal_resources\CV_research\boxmot\output\bee_orientation_labeling\newmask_supplement_100_20260517\masked\000945\BEE24-33_001199_det44_tr0000.jpg,000945/BEE24-33_001199_det44_tr0000.jpg,supp100,61,
362,images/newmask_train400_0362.jpg,unclear,47.289906,D:\personal_resources\CV_research\boxmot\output\bee_orientation_labeling\newmask_supplement_100_20260517\masked\002208\BEE24-13_000166_det11_tr0037.jpg,002208/BEE24-13_000166_det11_tr0037.jpg,supp100,62,
363,images/newmask_train400_0363.jpg,head_left,-25.97471,D:\personal_resources\CV_research\boxmot\output\bee_orientation_labeling\newmask_supplement_100_20260517\masked\001715\BEE24-33_001807_det01_tr0021.jpg,001715/BEE24-33_001807_det01_tr0021.jpg,supp100,63,
364,images/newmask_train400_0364.jpg,head_right,-15.808584,D:\personal_resources\CV_research\boxmot\output\bee_orientation_labeling\newmask_supplement_100_20260517\masked\000547\BEE24-33_000624_det44_tr0010.jpg,000547/BEE24-33_000624_det44_tr0010.jpg,supp100,64,
365,images/newmask_train400_0365.jpg,head_left,68.567299,D:\personal_resources\CV_research\boxmot\output\bee_orientation_labeling\newmask_supplement_100_20260517\masked\000454\BEE24-28_000021_det04_tr0012.jpg,000454/BEE24-28_000021_det04_tr0012.jpg,supp100,65,
366,images/newmask_train400_0366.jpg,head_right,2.137881,D:\personal_resources\CV_research\boxmot\output\bee_orientation_labeling\newmask_supplement_100_20260517\masked\001456\BEE24-33_003516_det18_tr0011.jpg,001456/BEE24-33_003516_det18_tr0011.jpg,supp100,66,
367,images/newmask_train400_0367.jpg,head_right,8.886427,D:\personal_resources\CV_research\boxmot\output\bee_orientation_labeling\newmask_supplement_100_20260517\masked\000688\BEE24-33_000721_det05_tr0013.jpg,000688/BEE24-33_000721_det05_tr0013.jpg,supp100,67,
368,images/newmask_train400_0368.jpg,head_right,11.803844,D:\personal_resources\CV_research\boxmot\output\bee_orientation_labeling\newmask_supplement_100_20260517\masked\002167\BEE24-35_004371_det09_tr0017.jpg,002167/BEE24-35_004371_det09_tr0017.jpg,supp100,68,
369,images/newmask_train400_0369.jpg,head_left,55.270245,D:\personal_resources\CV_research\boxmot\output\bee_orientation_labeling\newmask_supplement_100_20260517\masked\001570\BEE24-33_004128_det34_tr0016.jpg,001570/BEE24-33_004128_det34_tr0016.jpg,supp100,69,
370,images/newmask_train400_0370.jpg,head_left,62.483826,D:\personal_resources\CV_research\boxmot\output\bee_orientation_labeling\newmask_supplement_100_20260517\masked\001964\BEE24-35_000518_det00_tr0002.jpg,001964/BEE24-35_000518_det00_tr0002.jpg,supp100,70,
371,images/newmask_train400_0371.jpg,head_left,41.652054,D:\personal_resources\CV_research\boxmot\output\bee_orientation_labeling\newmask_supplement_100_20260517\masked\001992\BEE24-35_000793_det08_tr0002.jpg,001992/BEE24-35_000793_det08_tr0002.jpg,supp100,71,
372,images/newmask_train400_0372.jpg,head_left,95.409668,D:\personal_resources\CV_research\boxmot\output\bee_orientation_labeling\newmask_supplement_100_20260517\masked\000069\BEE24-09_000013_det05_tr0006.jpg,000069/BEE24-09_000013_det05_tr0006.jpg,supp100,72,
373,images/newmask_train400_0373.jpg,head_left,49.767742,D:\personal_resources\CV_research\boxmot\output\bee_orientation_labeling\newmask_supplement_100_20260517\masked\001033\BEE24-33_001780_det27_tr0004.jpg,001033/BEE24-33_001780_det27_tr0004.jpg,supp100,73,
374,images/newmask_train400_0374.jpg,head_left,70.530998,D:\personal_resources\CV_research\boxmot\output\bee_orientation_labeling\newmask_supplement_100_20260517\masked\000471\BEE24-29_000010_det02_tr0004.jpg,000471/BEE24-29_000010_det02_tr0004.jpg,supp100,74,
375,images/newmask_train400_0375.jpg,head_left,74.977211,D:\personal_resources\CV_research\boxmot\output\bee_orientation_labeling\newmask_supplement_100_20260517\masked\000228\BEE24-17_000045_det05_tr0008.jpg,000228/BEE24-17_000045_det05_tr0008.jpg,supp100,75,
376,images/newmask_train400_0376.jpg,head_left,128.434891,D:\personal_resources\CV_research\boxmot\output\bee_orientation_labeling\newmask_supplement_100_20260517\masked\000283\BEE24-20_000070_det03_tr0037.jpg,000283/BEE24-20_000070_det03_tr0037.jpg,supp100,76,
377,images/newmask_train400_0377.jpg,head_left,-7.98544,D:\personal_resources\CV_research\boxmot\output\bee_orientation_labeling\newmask_supplement_100_20260517\masked\001634\BEE24-33_004474_det26_tr0006.jpg,001634/BEE24-33_004474_det26_tr0006.jpg,supp100,77,
378,images/newmask_train400_0378.jpg,head_left,76.789642,D:\personal_resources\CV_research\boxmot\output\bee_orientation_labeling\newmask_supplement_100_20260517\masked\000500\BEE24-31_000042_det06_tr0003.jpg,000500/BEE24-31_000042_det06_tr0003.jpg,supp100,78,
379,images/newmask_train400_0379.jpg,head_left,25.9293,D:\personal_resources\CV_research\boxmot\output\bee_orientation_labeling\newmask_supplement_100_20260517\masked\002107\BEE24-35_003256_det09_tr0002.jpg,002107/BEE24-35_003256_det09_tr0002.jpg,supp100,79,
380,images/newmask_train400_0380.jpg,head_left,66.180107,D:\personal_resources\CV_research\boxmot\output\bee_orientation_labeling\newmask_supplement_100_20260517\masked\000316\BEE24-22_000024_det09_tr0007.jpg,000316/BEE24-22_000024_det09_tr0007.jpg,supp100,80,
381,images/newmask_train400_0381.jpg,head_left,29.434719,D:\personal_resources\CV_research\boxmot\output\bee_orientation_labeling\newmask_supplement_100_20260517\masked\002120\BEE24-35_003474_det09_tr0013.jpg,002120/BEE24-35_003474_det09_tr0013.jpg,supp100,81,
382,images/newmask_train400_0382.jpg,head_left,18.621141,D:\personal_resources\CV_research\boxmot\output\bee_orientation_labeling\newmask_supplement_100_20260517\masked\001702\BEE24-33_001589_det38_tr0000.jpg,001702/BEE24-33_001589_det38_tr0000.jpg,supp100,82,
383,images/newmask_train400_0383.jpg,head_left,44.992695,D:\personal_resources\CV_research\boxmot\output\bee_orientation_labeling\newmask_supplement_100_20260517\masked\000662\BEE24-33_000493_det42_tr0008.jpg,000662/BEE24-33_000493_det42_tr0008.jpg,supp100,83,
384,images/newmask_train400_0384.jpg,head_left,28.30312,D:\personal_resources\CV_research\boxmot\output\bee_orientation_labeling\newmask_supplement_100_20260517\masked\001667\BEE24-33_004588_det30_tr0014.jpg,001667/BEE24-33_004588_det30_tr0014.jpg,supp100,84,
385,images/newmask_train400_0385.jpg,head_left,33.164852,D:\personal_resources\CV_research\boxmot\output\bee_orientation_labeling\newmask_supplement_100_20260517\masked\002153\BEE24-35_004113_det10_tr0006.jpg,002153/BEE24-35_004113_det10_tr0006.jpg,supp100,85,
386,images/newmask_train400_0386.jpg,head_left,8.330962,D:\personal_resources\CV_research\boxmot\output\bee_orientation_labeling\newmask_supplement_100_20260517\masked\001648\BEE24-33_004910_det05_tr0019.jpg,001648/BEE24-33_004910_det05_tr0019.jpg,supp100,86,
387,images/newmask_train400_0387.jpg,head_left,22.974737,D:\personal_resources\CV_research\boxmot\output\bee_orientation_labeling\newmask_supplement_100_20260517\masked\000582\BEE24-33_000680_det42_tr0018.jpg,000582/BEE24-33_000680_det42_tr0018.jpg,supp100,87,
388,images/newmask_train400_0388.jpg,head_left,96.685707,D:\personal_resources\CV_research\boxmot\output\bee_orientation_labeling\newmask_supplement_100_20260517\masked\000248\BEE24-18_000053_det08_tr0022.jpg,000248/BEE24-18_000053_det08_tr0022.jpg,supp100,88,
389,images/newmask_train400_0389.jpg,head_left,-34.287609,D:\personal_resources\CV_research\boxmot\output\bee_orientation_labeling\newmask_supplement_100_20260517\masked\000782\BEE24-33_000291_det12_tr0009.jpg,000782/BEE24-33_000291_det12_tr0009.jpg,supp100,89,
390,images/newmask_train400_0390.jpg,head_left,20.840038,D:\personal_resources\CV_research\boxmot\output\bee_orientation_labeling\newmask_supplement_100_20260517\masked\001699\BEE24-33_001599_det28_tr0008.jpg,001699/BEE24-33_001599_det28_tr0008.jpg,supp100,90,
391,images/newmask_train400_0391.jpg,unclear,23.77013,D:\personal_resources\CV_research\boxmot\output\bee_orientation_labeling\newmask_supplement_100_20260517\masked\002159\BEE24-35_004210_det07_tr0011.jpg,002159/BEE24-35_004210_det07_tr0011.jpg,supp100,91,
392,images/newmask_train400_0392.jpg,head_right,27.237003,D:\personal_resources\CV_research\boxmot\output\bee_orientation_labeling\newmask_supplement_100_20260517\masked\001961\BEE24-33_004809_det44_tr0000.jpg,001961/BEE24-33_004809_det44_tr0000.jpg,supp100,92,
393,images/newmask_train400_0393.jpg,head_left,23.056635,D:\personal_resources\CV_research\boxmot\output\bee_orientation_labeling\newmask_supplement_100_20260517\masked\001066\BEE24-33_001838_det36_tr0001.jpg,001066/BEE24-33_001838_det36_tr0001.jpg,supp100,93,
394,images/newmask_train400_0394.jpg,head_left,29.826351,D:\personal_resources\CV_research\boxmot\output\bee_orientation_labeling\newmask_supplement_100_20260517\masked\001654\BEE24-33_001609_det08_tr0022.jpg,001654/BEE24-33_001609_det08_tr0022.jpg,supp100,94,
395,images/newmask_train400_0395.jpg,unclear,-27.811447,D:\personal_resources\CV_research\boxmot\output\bee_orientation_labeling\newmask_supplement_100_20260517\masked\001479\BEE24-33_003484_det35_tr0010.jpg,001479/BEE24-33_003484_det35_tr0010.jpg,supp100,95,
396,images/newmask_train400_0396.jpg,head_right,-13.441794,D:\personal_resources\CV_research\boxmot\output\bee_orientation_labeling\newmask_supplement_100_20260517\masked\000601\BEE24-33_000739_det28_tr0015.jpg,000601/BEE24-33_000739_det28_tr0015.jpg,supp100,96,
397,images/newmask_train400_0397.jpg,unclear,121.152222,D:\personal_resources\CV_research\boxmot\output\bee_orientation_labeling\newmask_supplement_100_20260517\masked\000757\BEE24-33_000227_det28_tr0001.jpg,000757/BEE24-33_000227_det28_tr0001.jpg,supp100,97,
398,images/newmask_train400_0398.jpg,unclear,-39.730373,D:\personal_resources\CV_research\boxmot\output\bee_orientation_labeling\newmask_supplement_100_20260517\masked\001719\BEE24-33_004743_det40_tr0004.jpg,001719/BEE24-33_004743_det40_tr0004.jpg,supp100,98,
399,images/newmask_train400_0399.jpg,unclear,38.731407,D:\personal_resources\CV_research\boxmot\output\bee_orientation_labeling\newmask_supplement_100_20260517\masked\001361\BEE24-33_002863_det29_tr0004.jpg,001361/BEE24-33_002863_det29_tr0004.jpg,supp100,99,
400,images/newmask_train400_0400.jpg,unclear,13.736747,D:\personal_resources\CV_research\boxmot\output\bee_orientation_labeling\newmask_supplement_100_20260517\masked\000410\BEE24-26_000037_det05_tr0022.jpg,000410/BEE24-26_000037_det05_tr0022.jpg,supp100,100,
