global_index,batch,batch_index,image_path,label,angle_degrees,original_source,notes
1,batch_001,1,images/batch_001_001.jpg,head_right,88.730804,D:\personal_resources\CV_research\AutoDL\train_20260501_sam_mask_soft_v2\001034\BEE24-33_001804_det21_tr0009.jpg,striped abdomen appears left; head/thorax to right
2,batch_001,2,images/batch_001_002.jpg,head_right,-18.779272,D:\personal_resources\CV_research\AutoDL\train_20260501_sam_mask_soft_v2\000954\BEE24-33_001359_det21_tr0019.jpg,dark head side appears left; striped abdomen right
3,batch_001,3,images/batch_001_003.jpg,head_right,83.412346,D:\personal_resources\CV_research\AutoDL\train_20260501_sam_mask_soft_v2\001366\BEE24-33_003162_det17_tr0011.jpg,small curled pose
4,batch_001,4,images/batch_001_004.jpg,unclear,-3.967041,D:\personal_resources\CV_research\AutoDL\train_20260501_sam_mask_soft_v2\000054\BEE24-08_000067_det00_tr0035.jpg,"gray masked crop, head not clear"
5,batch_001,5,images/batch_001_005.jpg,head_left,98.03022,D:\personal_resources\CV_research\AutoDL\train_20260501_sam_mask_soft_v2\001306\BEE24-33_002663_det34_tr0003.jpg,abdomen bands to right
6,batch_001,6,images/batch_001_006.jpg,head_right,111.063103,D:\personal_resources\CV_research\AutoDL\train_20260501_sam_mask_soft_v2\001034\BEE24-33_001830_det14_tr0018.jpg,"head/legs appear left, abdomen right"
7,batch_001,7,images/batch_001_007.jpg,head_right,88.664612,D:\personal_resources\CV_research\AutoDL\train_20260501_sam_mask_soft_v2\000081\BEE24-10_000158_det07_tr0025.jpg,"gray side view, ambiguous ends"
8,batch_001,8,images/batch_001_008.jpg,head_left,84.889465,D:\personal_resources\CV_research\AutoDL\train_20260501_sam_mask_soft_v2\000053\BEE24-07_000050_det08_tr0008.jpg,"gray side view, ambiguous ends"
9,batch_001,9,images/batch_001_009.jpg,unclear,-9.46262,D:\personal_resources\CV_research\AutoDL\train_20260501_sam_mask_soft_v2\000371\BEE24-24_000069_det05_tr0036.jpg,left protrusions look head-side
10,batch_001,10,images/batch_001_010.jpg,head_right,107.117012,D:\personal_resources\CV_research\AutoDL\train_20260501_sam_mask_soft_v2\000836\BEE24-33_000311_det31_tr0001.jpg,body/abdomen extends right
11,batch_001,11,images/batch_001_011.jpg,head_left,23.057119,D:\personal_resources\CV_research\AutoDL\train_20260501_sam_mask_soft_v2\000678\BEE24-33_000146_det28_tr0009.jpg,striped abdomen left; head likely right
12,batch_001,12,images/batch_001_012.jpg,head_left,75.910896,D:\personal_resources\CV_research\AutoDL\train_20260501_sam_mask_soft_v2\000363\BEE24-24_000056_det01_tr0030.jpg,appendages/head-like detail on right
13,batch_001,13,images/batch_001_013.jpg,head_left,5.381208,D:\personal_resources\CV_research\AutoDL\train_20260501_sam_mask_soft_v2\000522\BEE24-33_000105_det01_tr0018.jpg,head/legs appear left
14,batch_001,14,images/batch_001_014.jpg,unclear,-1.568142,D:\personal_resources\CV_research\AutoDL\train_20260501_sam_mask_soft_v2\000380\BEE24-24_000067_det10_tr0007.jpg,abdomen bands appear right
15,batch_001,15,images/batch_001_015.jpg,unclear,10.922322,D:\personal_resources\CV_research\AutoDL\train_20260501_sam_mask_soft_v2\000683\BEE24-33_000185_det16_tr0002.jpg,abdomen bands appear right
16,batch_001,16,images/batch_001_016.jpg,unclear,85.258415,D:\personal_resources\CV_research\AutoDL\train_20260501_sam_mask_soft_v2\000123\BEE24-14_000338_det12_tr0037.jpg,"long gray crop, tentative"
17,batch_001,17,images/batch_001_017.jpg,head_left,-3.201912,D:\personal_resources\CV_research\AutoDL\train_20260501_sam_mask_soft_v2\001116\BEE24-33_002055_det22_tr0015.jpg,head-like side left
18,batch_001,18,images/batch_001_018.jpg,head_right,3.230731,D:\personal_resources\CV_research\AutoDL\train_20260501_sam_mask_soft_v2\001026\BEE24-33_000444_det33_tr0001.jpg,striped abdomen left; head likely right
19,batch_001,19,images/batch_001_019.jpg,unclear,46.267334,D:\personal_resources\CV_research\AutoDL\train_20260501_sam_mask_soft_v2\000332\BEE24-23_000073_det00_tr0039.jpg,shape too soft
20,batch_001,20,images/batch_001_020.jpg,unclear,61.337437,D:\personal_resources\CV_research\AutoDL\train_20260501_sam_mask_soft_v2\000039\BEE24-06_000028_det04_tr0014.jpg,right protrusion looks head/leg side
21,batch_001,21,images/batch_001_021.jpg,head_left,63.292423,D:\personal_resources\CV_research\AutoDL\train_20260501_sam_mask_soft_v2\001082\BEE24-33_002041_det06_tr0019.jpg,striped abdomen left; head likely right
22,batch_001,22,images/batch_001_022.jpg,head_right,42.99926,D:\personal_resources\CV_research\AutoDL\train_20260501_sam_mask_soft_v2\000051\BEE24-07_000020_det08_tr0000.jpg,top-view gray blob
23,batch_001,23,images/batch_001_023.jpg,head_left,86.366852,D:\personal_resources\CV_research\AutoDL\train_20260501_sam_mask_soft_v2\000929\BEE24-33_000416_det16_tr0006.jpg,head side likely left; abdomen right
24,batch_001,24,images/batch_001_024.jpg,unclear,87.615013,D:\personal_resources\CV_research\AutoDL\train_20260501_sam_mask_soft_v2\000505\BEE24-32_000020_det02_tr0010.jpg,gray crop ambiguous
25,batch_001,25,images/batch_001_025.jpg,head_left,10.034683,D:\personal_resources\CV_research\AutoDL\train_20260501_sam_mask_soft_v2\000347\BEE24-23_000049_det06_tr0015.jpg,gray crop ambiguous
26,batch_001,26,images/batch_001_026.jpg,unclear,36.723938,D:\personal_resources\CV_research\AutoDL\train_20260501_sam_mask_soft_v2\000441\BEE24-27_000033_det11_tr0002.jpg,curled gray crop
27,batch_001,27,images/batch_001_027.jpg,head_left,83.768578,D:\personal_resources\CV_research\AutoDL\train_20260501_sam_mask_soft_v2\001256\BEE24-33_002822_det07_tr0015.jpg,"small head-like side to right, tentative"
28,batch_001,28,images/batch_001_028.jpg,head_left,2.923198,D:\personal_resources\CV_research\AutoDL\train_20260501_sam_mask_soft_v2\000655\BEE24-33_000126_det30_tr0008.jpg,head side likely left; abdomen bands right
29,batch_001,29,images/batch_001_029.jpg,unclear,-24.704891,D:\personal_resources\CV_research\AutoDL\train_20260501_sam_mask_soft_v2\001359\BEE24-33_002866_det27_tr0014.jpg,tiny crop
30,batch_001,30,images/batch_001_030.jpg,head_left,83.636581,D:\personal_resources\CV_research\AutoDL\train_20260501_sam_mask_soft_v2\000095\BEE24-11_000037_det00_tr0019.jpg,top-view gray crop
31,batch_001,31,images/batch_001_031.jpg,unclear,58.463665,D:\personal_resources\CV_research\AutoDL\train_20260501_sam_mask_soft_v2\000178\BEE24-15_000057_det11_tr0003.jpg,gray blob
32,batch_001,32,images/batch_001_032.jpg,unclear,55.855347,D:\personal_resources\CV_research\AutoDL\train_20260501_sam_mask_soft_v2\000913\BEE24-33_000434_det10_tr0023.jpg,curled color crop
33,batch_001,33,images/batch_001_033.jpg,head_right,52.063629,D:\personal_resources\CV_research\AutoDL\train_20260501_sam_mask_soft_v2\000507\BEE24-32_000031_det04_tr0016.jpg,head-like protrusion on right
34,batch_001,34,images/batch_001_034.jpg,unclear,85.305801,D:\personal_resources\CV_research\AutoDL\train_20260501_sam_mask_soft_v2\000812\BEE24-33_000290_det21_tr0005.jpg,"color crop, head likely left"
35,batch_001,35,images/batch_001_035.jpg,head_right,0.051562,D:\personal_resources\CV_research\AutoDL\train_20260501_sam_mask_soft_v2\000919\BEE24-33_001269_det21_tr0023.jpg,abdomen bands to right
36,batch_001,36,images/batch_001_036.jpg,unclear,72.291847,D:\personal_resources\CV_research\AutoDL\train_20260501_sam_mask_soft_v2\000241\BEE24-18_000048_det06_tr0032.jpg,gray crop ambiguous
37,batch_001,37,images/batch_001_037.jpg,unclear,5.076053,D:\personal_resources\CV_research\AutoDL\train_20260501_sam_mask_soft_v2\001029\BEE24-33_000476_det19_tr0015.jpg,"head likely left, tentative"
38,batch_001,38,images/batch_001_038.jpg,head_right,47.526562,D:\personal_resources\CV_research\AutoDL\train_20260501_sam_mask_soft_v2\000276\BEE24-20_000020_det01_tr0015.jpg,abdomen bands left/center; head likely right
39,batch_001,39,images/batch_001_039.jpg,unclear,18.877604,D:\personal_resources\CV_research\AutoDL\train_20260501_sam_mask_soft_v2\000394\BEE24-25_000017_det10_tr0012.jpg,left protrusions look head-side
40,batch_001,40,images/batch_001_040.jpg,head_left,96.076164,D:\personal_resources\CV_research\AutoDL\train_20260501_sam_mask_soft_v2\000069\BEE24-09_000040_det05_tr0021.jpg,"rounded abdomen to right, tentative"
41,batch_001,41,images/batch_001_041.jpg,head_left,133.966934,D:\personal_resources\CV_research\AutoDL\train_20260501_sam_mask_soft_v2\000508\BEE24-32_000059_det04_tr0031.jpg,striped abdomen left; head side right
42,batch_001,42,images/batch_001_042.jpg,unclear,-26.594769,D:\personal_resources\CV_research\AutoDL\train_20260501_sam_mask_soft_v2\001027\BEE24-33_000468_det20_tr0016.jpg,small crop with background color
43,batch_001,43,images/batch_001_043.jpg,head_right,-2.650409,D:\personal_resources\CV_research\AutoDL\train_20260501_sam_mask_soft_v2\000472\BEE24-29_000017_det02_tr0008.jpg,head/antenna-like detail right
44,batch_001,44,images/batch_001_044.jpg,head_left,80.236351,D:\personal_resources\CV_research\AutoDL\train_20260501_sam_mask_soft_v2\000053\BEE24-07_000066_det07_tr0021.jpg,abdomen bands to right
45,batch_001,45,images/batch_001_045.jpg,unclear,94.441383,D:\personal_resources\CV_research\AutoDL\train_20260501_sam_mask_soft_v2\000354\BEE24-23_000063_det09_tr0001.jpg,gray crop ambiguous
46,batch_001,46,images/batch_001_046.jpg,unclear,67.874641,D:\personal_resources\CV_research\AutoDL\train_20260501_sam_mask_soft_v2\000460\BEE24-28_000009_det11_tr0006.jpg,"left side appears head-like, tentative"
47,batch_001,47,images/batch_001_047.jpg,head_right,71.556702,D:\personal_resources\CV_research\AutoDL\train_20260501_sam_mask_soft_v2\000161\BEE24-15_000083_det01_tr0013.jpg,gray crop ambiguous
48,batch_001,48,images/batch_001_048.jpg,head_right,99.73024,D:\personal_resources\CV_research\AutoDL\train_20260501_sam_mask_soft_v2\000473\BEE24-29_000022_det03_tr0017.jpg,partial gray crop
49,batch_001,49,images/batch_001_049.jpg,head_left,89.091377,D:\personal_resources\CV_research\AutoDL\train_20260501_sam_mask_soft_v2\000442\BEE24-27_000033_det12_tr0002.jpg,"right side likely head/leg side, tentative"
50,batch_001,50,images/batch_001_050.jpg,head_left,69.593941,D:\personal_resources\CV_research\AutoDL\train_20260501_sam_mask_soft_v2\000745\BEE24-33_000568_det29_tr0020.jpg,abdomen bands to right
51,batch_001,51,images/batch_001_051.jpg,head_left,88.590317,D:\personal_resources\CV_research\AutoDL\train_20260501_sam_mask_soft_v2\000242\BEE24-18_000073_det05_tr0039.jpg,long gray crop ambiguous
52,batch_001,52,images/batch_001_052.jpg,head_left,86.779037,D:\personal_resources\CV_research\AutoDL\train_20260501_sam_mask_soft_v2\000636\BEE24-33_000488_det32_tr0009.jpg,dark head side left; striped abdomen right
53,batch_001,53,images/batch_001_053.jpg,unclear,86.141556,D:\personal_resources\CV_research\AutoDL\train_20260501_sam_mask_soft_v2\000135\BEE24-14_000223_det17_tr0017.jpg,gray crop ambiguous
54,batch_001,54,images/batch_001_054.jpg,unclear,1.773307,D:\personal_resources\CV_research\AutoDL\train_20260501_sam_mask_soft_v2\000642\BEE24-33_000108_det32_tr0001.jpg,head-like side right
55,batch_001,55,images/batch_001_055.jpg,unclear,-10.496195,D:\personal_resources\CV_research\AutoDL\train_20260501_sam_mask_soft_v2\000044\BEE24-07_000037_det01_tr0019.jpg,"pointed side right, tentative"
56,batch_001,56,images/batch_001_056.jpg,head_right,64.387962,D:\personal_resources\CV_research\AutoDL\train_20260501_sam_mask_soft_v2\000085\BEE24-10_000055_det11_tr0011.jpg,gray crop ambiguous
57,batch_001,57,images/batch_001_057.jpg,unclear,115.553734,D:\personal_resources\CV_research\AutoDL\train_20260501_sam_mask_soft_v2\000806\BEE24-33_001047_det28_tr0017.jpg,curled color crop
58,batch_001,58,images/batch_001_058.jpg,unclear,-18.872723,D:\personal_resources\CV_research\AutoDL\train_20260501_sam_mask_soft_v2\000777\BEE24-33_000997_det25_tr0012.jpg,tentative color crop
59,batch_001,59,images/batch_001_059.jpg,head_left,90.157799,D:\personal_resources\CV_research\AutoDL\train_20260501_sam_mask_soft_v2\000100\BEE24-11_000025_det04_tr0001.jpg,abdomen bands to right
60,batch_001,60,images/batch_001_060.jpg,head_left,96.810196,D:\personal_resources\CV_research\AutoDL\train_20260501_sam_mask_soft_v2\001352\BEE24-33_002916_det19_tr0013.jpg,abdomen bands to right
61,batch_001,61,images/batch_001_061.jpg,unclear,131.488098,D:\personal_resources\CV_research\AutoDL\train_20260501_sam_mask_soft_v2\000953\BEE24-33_001337_det24_tr0007.jpg,curled color crop
62,batch_001,62,images/batch_001_062.jpg,head_left,66.708519,D:\personal_resources\CV_research\AutoDL\train_20260501_sam_mask_soft_v2\001354\BEE24-33_002831_det32_tr0006.jpg,"head likely right, tentative"
63,batch_001,63,images/batch_001_063.jpg,head_left,-12.392941,D:\personal_resources\CV_research\AutoDL\train_20260501_sam_mask_soft_v2\001048\BEE24-33_001938_det12_tr0018.jpg,small crop ambiguous
64,batch_001,64,images/batch_001_064.jpg,head_left,102.092361,D:\personal_resources\CV_research\AutoDL\train_20260501_sam_mask_soft_v2\000990\BEE24-33_001475_det17_tr0013.jpg,abdomen bands right
65,batch_001,65,images/batch_001_065.jpg,head_left,14.100863,D:\personal_resources\CV_research\AutoDL\train_20260501_sam_mask_soft_v2\000371\BEE24-24_000050_det07_tr0021.jpg,"left side appears head-like, tentative"
66,batch_001,66,images/batch_001_066.jpg,head_right,2.717612,D:\personal_resources\CV_research\AutoDL\train_20260501_sam_mask_soft_v2\000787\BEE24-33_000256_det27_tr0007.jpg,head likely right
67,batch_001,67,images/batch_001_067.jpg,head_right,4.03797,D:\personal_resources\CV_research\AutoDL\train_20260501_sam_mask_soft_v2\000900\BEE24-33_001245_det17_tr0006.jpg,abdomen bands to right
68,batch_001,68,images/batch_001_068.jpg,head_right,75.493599,D:\personal_resources\CV_research\AutoDL\train_20260501_sam_mask_soft_v2\000826\BEE24-33_001122_det15_tr0010.jpg,curled color crop
69,batch_001,69,images/batch_001_069.jpg,unclear,10.001935,D:\personal_resources\CV_research\AutoDL\train_20260501_sam_mask_soft_v2\001065\BEE24-33_001845_det34_tr0010.jpg,tentative head-like side right
70,batch_001,70,images/batch_001_070.jpg,head_left,68.192177,D:\personal_resources\CV_research\AutoDL\train_20260501_sam_mask_soft_v2\001205\BEE24-33_002359_det34_tr0000.jpg,partial/top-view color crop
71,batch_001,71,images/batch_001_071.jpg,head_right,60.96817,D:\personal_resources\CV_research\AutoDL\train_20260501_sam_mask_soft_v2\000276\BEE24-20_000005_det02_tr0003.jpg,gray crop ambiguous
72,batch_001,72,images/batch_001_072.jpg,unclear,-0.074191,D:\personal_resources\CV_research\AutoDL\train_20260501_sam_mask_soft_v2\000215\BEE24-17_000063_det00_tr0031.jpg,thin partial crop
73,batch_001,73,images/batch_001_073.jpg,head_right,24.377468,D:\personal_resources\CV_research\AutoDL\train_20260501_sam_mask_soft_v2\000470\BEE24-29_000063_det00_tr0038.jpg,abdomen bands left; head side right
74,batch_001,74,images/batch_001_074.jpg,head_right,15.773293,D:\personal_resources\CV_research\AutoDL\train_20260501_sam_mask_soft_v2\000362\BEE24-24_000027_det05_tr0021.jpg,abdomen bands left; head side right
75,batch_001,75,images/batch_001_075.jpg,head_right,90.838295,D:\personal_resources\CV_research\AutoDL\train_20260501_sam_mask_soft_v2\000117\BEE24-14_000257_det09_tr0028.jpg,gray crop ambiguous
76,batch_001,76,images/batch_001_076.jpg,head_right,103.958717,D:\personal_resources\CV_research\AutoDL\train_20260501_sam_mask_soft_v2\000106\BEE24-14_000148_det02_tr0026.jpg,head/leg-like protrusion right
77,batch_001,77,images/batch_001_077.jpg,unclear,107.53019,D:\personal_resources\CV_research\AutoDL\train_20260501_sam_mask_soft_v2\000314\BEE24-22_000014_det07_tr0006.jpg,gray crop ambiguous
78,batch_001,78,images/batch_001_078.jpg,head_right,13.869757,D:\personal_resources\CV_research\AutoDL\train_20260501_sam_mask_soft_v2\000828\BEE24-33_001042_det39_tr0001.jpg,abdomen appears right
79,batch_001,79,images/batch_001_079.jpg,head_right,84.035927,D:\personal_resources\CV_research\AutoDL\train_20260501_sam_mask_soft_v2\000880\BEE24-33_001103_det37_tr0010.jpg,head likely right
80,batch_001,80,images/batch_001_080.jpg,head_right,-0.673151,D:\personal_resources\CV_research\AutoDL\train_20260501_sam_mask_soft_v2\001296\BEE24-33_002650_det32_tr0007.jpg,abdomen bands right
81,batch_001,81,images/batch_001_081.jpg,head_right,8.184412,D:\personal_resources\CV_research\AutoDL\train_20260501_sam_mask_soft_v2\000939\BEE24-33_001189_det40_tr0002.jpg,striped abdomen left; head side right
82,batch_001,82,images/batch_001_082.jpg,head_left,16.145412,D:\personal_resources\CV_research\AutoDL\train_20260501_sam_mask_soft_v2\000518\BEE24-33_000025_det05_tr0006.jpg,head side left; abdomen right
83,batch_001,83,images/batch_001_083.jpg,head_left,100.591629,D:\personal_resources\CV_research\AutoDL\train_20260501_sam_mask_soft_v2\000543\BEE24-33_000070_det22_tr0019.jpg,head side left; abdomen right
84,batch_001,84,images/batch_001_084.jpg,head_left,67.454559,D:\personal_resources\CV_research\AutoDL\train_20260501_sam_mask_soft_v2\000718\BEE24-33_000546_det27_tr0009.jpg,curled color crop
85,batch_001,85,images/batch_001_085.jpg,head_left,24.102264,D:\personal_resources\CV_research\AutoDL\train_20260501_sam_mask_soft_v2\001063\BEE24-33_001841_det33_tr0007.jpg,tentative color crop
86,batch_001,86,images/batch_001_086.jpg,head_right,86.388153,D:\personal_resources\CV_research\AutoDL\train_20260501_sam_mask_soft_v2\000470\BEE24-29_000046_det00_tr0027.jpg,right end looks head/leg side
87,batch_001,87,images/batch_001_087.jpg,head_right,84.308609,D:\personal_resources\CV_research\AutoDL\train_20260501_sam_mask_soft_v2\000119\BEE24-14_000044_det16_tr0010.jpg,curled gray crop
88,batch_001,88,images/batch_001_088.jpg,head_left,31.375118,D:\personal_resources\CV_research\AutoDL\train_20260501_sam_mask_soft_v2\001328\BEE24-33_002736_det28_tr0009.jpg,tiny color crop
89,batch_001,89,images/batch_001_089.jpg,head_right,92.546021,D:\personal_resources\CV_research\AutoDL\train_20260501_sam_mask_soft_v2\000422\BEE24-26_000073_det08_tr0008.jpg,"left side appears head-like, tentative"
90,batch_001,90,images/batch_001_090.jpg,head_left,5.662103,D:\personal_resources\CV_research\AutoDL\train_20260501_sam_mask_soft_v2\000230\BEE24-17_000074_det04_tr0017.jpg,left side appears head-like
91,batch_001,91,images/batch_001_091.jpg,head_right,108.247597,D:\personal_resources\CV_research\AutoDL\train_20260501_sam_mask_soft_v2\000585\BEE24-33_000826_det15_tr0015.jpg,tiny color crop
92,batch_001,92,images/batch_001_092.jpg,head_left,89.16684,D:\personal_resources\CV_research\AutoDL\train_20260501_sam_mask_soft_v2\000143\BEE24-14_000150_det25_tr0004.jpg,striped abdomen left; head side right
93,batch_001,93,images/batch_001_093.jpg,head_right,-5.460819,D:\personal_resources\CV_research\AutoDL\train_20260501_sam_mask_soft_v2\000608\BEE24-33_000067_det33_tr0000.jpg,tentative color crop
94,batch_001,94,images/batch_001_094.jpg,unclear,69.010498,D:\personal_resources\CV_research\AutoDL\train_20260501_sam_mask_soft_v2\000179\BEE24-15_000059_det12_tr0003.jpg,gray crop ambiguous
95,batch_001,95,images/batch_001_095.jpg,head_right,96.956718,D:\personal_resources\CV_research\AutoDL\train_20260501_sam_mask_soft_v2\000080\BEE24-10_000097_det07_tr0015.jpg,"right side likely head, tentative"
96,batch_001,96,images/batch_001_096.jpg,head_right,2.97928,D:\personal_resources\CV_research\AutoDL\train_20260501_sam_mask_soft_v2\001403\BEE24-33_003050_det35_tr0000.jpg,tentative color crop
97,batch_001,97,images/batch_001_097.jpg,head_right,36.119598,D:\personal_resources\CV_research\AutoDL\train_20260501_sam_mask_soft_v2\000074\BEE24-10_000148_det01_tr0023.jpg,"gray crop, tentative"
98,batch_001,98,images/batch_001_098.jpg,unclear,-17.026962,D:\personal_resources\CV_research\AutoDL\train_20260501_sam_mask_soft_v2\000639\BEE24-33_000773_det40_tr0021.jpg,tentative color crop
99,batch_001,99,images/batch_001_099.jpg,head_left,52.52681,D:\personal_resources\CV_research\AutoDL\train_20260501_sam_mask_soft_v2\000138\BEE24-14_000263_det17_tr0023.jpg,abdomen bands left; head side right
100,batch_001,100,images/batch_001_100.jpg,head_right,96.432022,D:\personal_resources\CV_research\AutoDL\train_20260501_sam_mask_soft_v2\000082\BEE24-10_000024_det09_tr0004.jpg,gray top-view crop ambiguous
101,batch_002,1,images/batch_002_001.jpg,head_right,43.248344,D:\personal_resources\CV_research\AutoDL\train_20260501_sam_mask_soft_v2\001906\BEE24-33_004243_det02_tr0017.jpg,dark compact head appears right; abdomen color/stripe mass left-center
102,batch_002,2,images/batch_002_002.jpg,head_left,59.203053,D:\personal_resources\CV_research\AutoDL\train_20260501_sam_mask_soft_v2\000497\BEE24-31_000033_det05_tr0006.jpg,gray crop; right end looks more compact/head-like
103,batch_002,3,images/batch_002_003.jpg,head_right,94.545471,D:\personal_resources\CV_research\AutoDL\train_20260501_sam_mask_soft_v2\002204\BEE24-13_000231_det07_tr0035.jpg,gray crop; left protrusion reads more like head/legs
104,batch_002,4,images/batch_002_004.jpg,head_left,-44.559052,D:\personal_resources\CV_research\AutoDL\train_20260501_sam_mask_soft_v2\000350\BEE24-23_000064_det04_tr0012.jpg,clear abdomen stripes on right
105,batch_002,5,images/batch_002_005.jpg,head_right,85.087074,D:\personal_resources\CV_research\AutoDL\train_20260501_sam_mask_soft_v2\000057\BEE24-08_000062_det01_tr0033.jpg,weak gray crop; right protrusions look head-side
106,batch_002,6,images/batch_002_006.jpg,unclear,0.226006,D:\personal_resources\CV_research\AutoDL\train_20260501_sam_mask_soft_v2\000762\BEE24-33_000560_det41_tr0019.jpg,dark compact head appears right
107,batch_002,7,images/batch_002_007.jpg,head_right,17.245974,D:\personal_resources\CV_research\AutoDL\train_20260501_sam_mask_soft_v2\000206\BEE24-15_000193_det11_tr0009.jpg,stripe-like abdomen marks on left; head opposite
108,batch_002,8,images/batch_002_008.jpg,head_left,125.907005,D:\personal_resources\CV_research\AutoDL\train_20260501_sam_mask_soft_v2\002186\BEE24-35_004862_det08_tr0014.jpg,striped abdomen mass on right
109,batch_002,9,images/batch_002_009.jpg,head_right,12.868502,D:\personal_resources\CV_research\AutoDL\train_20260501_sam_mask_soft_v2\000339\BEE24-23_000033_det02_tr0011.jpg,gray crop; right small end likely head
110,batch_002,10,images/batch_002_010.jpg,unclear,-16.010128,D:\personal_resources\CV_research\AutoDL\train_20260501_sam_mask_soft_v2\002047\BEE24-35_002000_det09_tr0004.jpg,clear striped abdomen on right
111,batch_002,11,images/batch_002_011.jpg,head_right,59.097561,D:\personal_resources\CV_research\AutoDL\train_20260501_sam_mask_soft_v2\000913\BEE24-33_000413_det11_tr0011.jpg,curled color crop; darker compact end likely right
112,batch_002,12,images/batch_002_012.jpg,head_right,63.66531,D:\personal_resources\CV_research\AutoDL\train_20260501_sam_mask_soft_v2\002137\BEE24-35_003888_det08_tr0010.jpg,"striped abdomen left, dark head/eyes right"
113,batch_002,13,images/batch_002_013.jpg,head_left,2.958911,D:\personal_resources\CV_research\AutoDL\train_20260501_sam_mask_soft_v2\000431\BEE24-27_000018_det05_tr0013.jpg,gray crop; darker bulky end likely left head
114,batch_002,14,images/batch_002_014.jpg,head_left,-32.562077,D:\personal_resources\CV_research\AutoDL\train_20260501_sam_mask_soft_v2\001004\BEE24-33_000417_det38_tr0000.jpg,black compact feature at left; abdomen/body extends right
115,batch_002,15,images/batch_002_015.jpg,head_right,-22.007284,D:\personal_resources\CV_research\AutoDL\train_20260501_sam_mask_soft_v2\000041\BEE24-06_000002_det07_tr0000.jpg,stripe-like abdomen marks on left; head opposite
116,batch_002,16,images/batch_002_016.jpg,head_right,95.628143,D:\personal_resources\CV_research\AutoDL\train_20260501_sam_mask_soft_v2\000812\BEE24-33_000334_det16_tr0017.jpg,dark circular head-like feature on right
117,batch_002,17,images/batch_002_017.jpg,head_right,112.423218,D:\personal_resources\CV_research\AutoDL\train_20260501_sam_mask_soft_v2\000012\BEE24-02_000011_det01_tr0005.jpg,gray crop; right compact end likely head
118,batch_002,18,images/batch_002_018.jpg,head_right,115.403946,D:\personal_resources\CV_research\AutoDL\train_20260501_sam_mask_soft_v2\001437\BEE24-33_003346_det26_tr0016.jpg,striped abdomen visible toward left; head opposite
119,batch_002,19,images/batch_002_019.jpg,head_left,100.223145,D:\personal_resources\CV_research\AutoDL\train_20260501_sam_mask_soft_v2\002202\BEE24-13_000179_det05_tr0027.jpg,gray crop; left small protrusion likely head
120,batch_002,20,images/batch_002_020.jpg,head_right,14.679443,D:\personal_resources\CV_research\AutoDL\train_20260501_sam_mask_soft_v2\000550\BEE24-33_000043_det17_tr0014.jpg,striped abdomen left; head/eyes right
121,batch_002,21,images/batch_002_021.jpg,head_right,89.55999,D:\personal_resources\CV_research\AutoDL\train_20260501_sam_mask_soft_v2\001970\BEE24-35_001292_det05_tr0012.jpg,clear stripes left and dark head right
122,batch_002,22,images/batch_002_022.jpg,head_right,11.402257,D:\personal_resources\CV_research\AutoDL\train_20260501_sam_mask_soft_v2\000862\BEE24-33_000414_det09_tr0014.jpg,dark compact head at right
123,batch_002,23,images/batch_002_023.jpg,head_right,20.714735,D:\personal_resources\CV_research\AutoDL\train_20260501_sam_mask_soft_v2\000526\BEE24-33_000010_det11_tr0000.jpg,striped abdomen left; head opposite
124,batch_002,24,images/batch_002_024.jpg,head_right,17.408796,D:\personal_resources\CV_research\AutoDL\train_20260501_sam_mask_soft_v2\001760\BEE24-33_004947_det26_tr0018.jpg,abdomen striping/darker abdomen left; head side right
125,batch_002,25,images/batch_002_025.jpg,head_left,-3.219321,D:\personal_resources\CV_research\AutoDL\train_20260501_sam_mask_soft_v2\001376\BEE24-33_002994_det27_tr0006.jpg,clear dark head left and striped abdomen right
126,batch_002,26,images/batch_002_026.jpg,unclear,3.234599,D:\personal_resources\CV_research\AutoDL\train_20260501_sam_mask_soft_v2\000579\BEE24-33_000053_det34_tr0017.jpg,blue artifact; visible body suggests head to right
127,batch_002,27,images/batch_002_027.jpg,head_right,122.659073,D:\personal_resources\CV_research\AutoDL\train_20260501_sam_mask_soft_v2\000504\BEE24-32_000010_det01_tr0006.jpg,small gray crop; left side more head-like
128,batch_002,28,images/batch_002_028.jpg,head_left,-8.913281,D:\personal_resources\CV_research\AutoDL\train_20260501_sam_mask_soft_v2\001926\BEE24-33_003874_det26_tr0010.jpg,curled crop; darker compact region toward right
129,batch_002,29,images/batch_002_029.jpg,head_left,78.814796,D:\personal_resources\CV_research\AutoDL\train_20260501_sam_mask_soft_v2\000506\BEE24-32_000067_det01_tr0035.jpg,gray crop; left dark end likely head
130,batch_002,30,images/batch_002_030.jpg,head_right,64.363525,D:\personal_resources\CV_research\AutoDL\train_20260501_sam_mask_soft_v2\000175\BEE24-15_000030_det11_tr0003.jpg,gray crop; right rounded compact end likely head
131,batch_002,31,images/batch_002_031.jpg,head_left,99.551186,D:\personal_resources\CV_research\AutoDL\train_20260501_sam_mask_soft_v2\001335\BEE24-33_002743_det33_tr0004.jpg,dark loop/head feature on left; abdomen extends right
132,batch_002,32,images/batch_002_032.jpg,head_left,-5.872707,D:\personal_resources\CV_research\AutoDL\train_20260501_sam_mask_soft_v2\000066\BEE24-09_000067_det02_tr0035.jpg,gray crop; tapered left end more head-like
133,batch_002,33,images/batch_002_033.jpg,head_left,125.430801,D:\personal_resources\CV_research\AutoDL\train_20260501_sam_mask_soft_v2\000542\BEE24-33_000183_det04_tr0017.jpg,striped abdomen right; head opposite
134,batch_002,34,images/batch_002_034.jpg,unclear,-5.284896,D:\personal_resources\CV_research\AutoDL\train_20260501_sam_mask_soft_v2\001531\BEE24-33_003947_det32_tr0017.jpg,very blurry crop; right side slightly more head-like
135,batch_002,35,images/batch_002_035.jpg,head_right,-8.609834,D:\personal_resources\CV_research\AutoDL\train_20260501_sam_mask_soft_v2\000910\BEE24-33_001196_det23_tr0023.jpg,right pointed/dark end likely head
136,batch_002,36,images/batch_002_036.jpg,head_right,-42.321262,D:\personal_resources\CV_research\AutoDL\train_20260501_sam_mask_soft_v2\002118\BEE24-35_003438_det12_tr0001.jpg,right compact round end with legs likely head
137,batch_002,37,images/batch_002_037.jpg,head_left,-7.617319,D:\personal_resources\CV_research\AutoDL\train_20260501_sam_mask_soft_v2\002225\BEE24-13_000117_det24_tr0004.jpg,left darker/protruding side likely head
138,batch_002,38,images/batch_002_038.jpg,unclear,72.738426,D:\personal_resources\CV_research\AutoDL\train_20260501_sam_mask_soft_v2\001763\BEE24-33_001818_det04_tr0010.jpg,striped abdomen more to right/top; head opposite
139,batch_002,39,images/batch_002_039.jpg,head_right,130.309662,D:\personal_resources\CV_research\AutoDL\train_20260501_sam_mask_soft_v2\000522\BEE24-33_000067_det02_tr0011.jpg,curled crop; darker compact side likely right
140,batch_002,40,images/batch_002_040.jpg,head_right,-8.435593,D:\personal_resources\CV_research\AutoDL\train_20260501_sam_mask_soft_v2\002194\BEE24-13_000252_det00_tr0039.jpg,right small round feature likely head
141,batch_002,41,images/batch_002_041.jpg,head_left,15.783349,D:\personal_resources\CV_research\AutoDL\train_20260501_sam_mask_soft_v2\000960\BEE24-33_000022_det26_tr0008.jpg,"black head/eye left, abdomen stripes right"
142,batch_002,42,images/batch_002_042.jpg,head_left,91.336502,D:\personal_resources\CV_research\AutoDL\train_20260501_sam_mask_soft_v2\001476\BEE24-33_003466_det33_tr0008.jpg,darker abdomen/striping left; head side right
143,batch_002,43,images/batch_002_043.jpg,head_right,-37.593685,D:\personal_resources\CV_research\AutoDL\train_20260501_sam_mask_soft_v2\002246\BEE24-16_000212_det07_tr0033.jpg,clear abdomen stripes right
144,batch_002,44,images/batch_002_044.jpg,head_left,34.293186,D:\personal_resources\CV_research\AutoDL\train_20260501_sam_mask_soft_v2\001843\BEE24-33_001730_det32_tr0000.jpg,abdomen stripes on right
145,batch_002,45,images/batch_002_045.jpg,head_left,48.861588,D:\personal_resources\CV_research\AutoDL\train_20260501_sam_mask_soft_v2\002021\BEE24-35_001405_det11_tr0002.jpg,clear dark head/eyes left and striped abdomen right
146,batch_002,46,images/batch_002_046.jpg,head_left,15.846839,D:\personal_resources\CV_research\AutoDL\train_20260501_sam_mask_soft_v2\001874\BEE24-33_002122_det27_tr0007.jpg,abdomen stripes right; head opposite
147,batch_002,47,images/batch_002_047.jpg,unclear,-8.245655,D:\personal_resources\CV_research\AutoDL\train_20260501_sam_mask_soft_v2\000631\BEE24-33_000501_det24_tr0018.jpg,blue artifact; dark compact bee part appears left
148,batch_002,48,images/batch_002_048.jpg,head_left,13.393634,D:\personal_resources\CV_research\AutoDL\train_20260501_sam_mask_soft_v2\000013\BEE24-02_000067_det02_tr0035.jpg,"left darker end/head-like, body to right"
149,batch_002,49,images/batch_002_049.jpg,unclear,37.376228,D:\personal_resources\CV_research\AutoDL\train_20260501_sam_mask_soft_v2\000553\BEE24-33_000175_det02_tr0019.jpg,curled crop; dark compact area likely right
150,batch_002,50,images/batch_002_050.jpg,head_left,71.414436,D:\personal_resources\CV_research\AutoDL\train_20260501_sam_mask_soft_v2\001896\BEE24-33_003636_det04_tr0018.jpg,striped abdomen right; head opposite
151,batch_002,51,images/batch_002_051.jpg,head_left,8.858294,D:\personal_resources\CV_research\AutoDL\train_20260501_sam_mask_soft_v2\001221\BEE24-33_002438_det34_tr0012.jpg,striped abdomen right; head opposite
152,batch_002,52,images/batch_002_052.jpg,head_left,21.491541,D:\personal_resources\CV_research\AutoDL\train_20260501_sam_mask_soft_v2\001586\BEE24-33_004538_det08_tr0022.jpg,curled color crop; darker head-like side left
153,batch_002,53,images/batch_002_053.jpg,head_left,-20.410187,D:\personal_resources\CV_research\AutoDL\train_20260501_sam_mask_soft_v2\000171\BEE24-15_000104_det06_tr0029.jpg,gray crop; right compact end likely head
154,batch_002,54,images/batch_002_054.jpg,head_left,-7.753232,D:\personal_resources\CV_research\AutoDL\train_20260501_sam_mask_soft_v2\000371\BEE24-24_000065_det06_tr0033.jpg,gray crop; left side shows head/leg protrusion
155,batch_002,55,images/batch_002_055.jpg,unclear,68.831757,D:\personal_resources\CV_research\AutoDL\train_20260501_sam_mask_soft_v2\002173\BEE24-35_004501_det07_tr0002.jpg,dark crop; left side slightly more head-like
156,batch_002,56,images/batch_002_056.jpg,unclear,79.625359,D:\personal_resources\CV_research\AutoDL\train_20260501_sam_mask_soft_v2\001073\BEE24-33_001902_det23_tr0015.jpg,curled crop; head-like dark compact side right
157,batch_002,57,images/batch_002_057.jpg,head_right,48.268909,D:\personal_resources\CV_research\AutoDL\train_20260501_sam_mask_soft_v2\000368\BEE24-24_000017_det11_tr0007.jpg,tiny gray crop; right end likely head
158,batch_002,58,images/batch_002_058.jpg,head_left,84.362495,D:\personal_resources\CV_research\AutoDL\train_20260501_sam_mask_soft_v2\000906\BEE24-33_000388_det38_tr0004.jpg,clear abdomen stripes right
159,batch_002,59,images/batch_002_059.jpg,head_right,89.732201,D:\personal_resources\CV_research\AutoDL\train_20260501_sam_mask_soft_v2\000456\BEE24-28_000003_det07_tr0001.jpg,gray crop; right rounded end likely head
160,batch_002,60,images/batch_002_060.jpg,unclear,88.956993,D:\personal_resources\CV_research\AutoDL\train_20260501_sam_mask_soft_v2\002011\BEE24-35_001260_det08_tr0018.jpg,dark crop; left side slightly more head-like
161,batch_002,61,images/batch_002_061.jpg,head_left,92.491615,D:\personal_resources\CV_research\AutoDL\train_20260501_sam_mask_soft_v2\000591\BEE24-33_000702_det41_tr0022.jpg,clear abdomen stripes right
162,batch_002,62,images/batch_002_062.jpg,unclear,-7.665033,D:\personal_resources\CV_research\AutoDL\train_20260501_sam_mask_soft_v2\000485\BEE24-30_000028_det03_tr0018.jpg,gray crop; left darker compact side likely head
163,batch_002,63,images/batch_002_063.jpg,head_left,76.964546,D:\personal_resources\CV_research\AutoDL\train_20260501_sam_mask_soft_v2\000421\BEE24-26_000071_det07_tr0015.jpg,left protrusions read as head/legs
164,batch_002,64,images/batch_002_064.jpg,unclear,99.362236,D:\personal_resources\CV_research\AutoDL\train_20260501_sam_mask_soft_v2\000393\BEE24-25_000004_det11_tr0002.jpg,gray crop; right compact rounded end likely head
165,batch_002,65,images/batch_002_065.jpg,unclear,0.074021,D:\personal_resources\CV_research\AutoDL\train_20260501_sam_mask_soft_v2\001555\BEE24-33_004126_det26_tr0021.jpg,curled color crop; left darker circular side likely head
166,batch_002,66,images/batch_002_066.jpg,head_right,-30.655626,D:\personal_resources\CV_research\AutoDL\train_20260501_sam_mask_soft_v2\001960\BEE24-33_004823_det31_tr0004.jpg,blurry color crop; right compact end likely head
167,batch_002,67,images/batch_002_067.jpg,head_right,20.931181,D:\personal_resources\CV_research\AutoDL\train_20260501_sam_mask_soft_v2\000188\BEE24-15_000090_det10_tr0009.jpg,gray crop; right end has head-like dark dot
168,batch_002,68,images/batch_002_068.jpg,head_left,37.648891,D:\personal_resources\CV_research\AutoDL\train_20260501_sam_mask_soft_v2\000733\BEE24-33_000610_det18_tr0014.jpg,abdomen stripes toward right; head opposite
169,batch_002,69,images/batch_002_069.jpg,head_right,79.868103,D:\personal_resources\CV_research\AutoDL\train_20260501_sam_mask_soft_v2\000099\BEE24-11_000043_det03_tr0019.jpg,gray crop; right small round side likely head
170,batch_002,70,images/batch_002_070.jpg,head_right,52.218964,D:\personal_resources\CV_research\AutoDL\train_20260501_sam_mask_soft_v2\002026\BEE24-35_001560_det09_tr0023.jpg,striped abdomen left; head right
171,batch_002,71,images/batch_002_071.jpg,head_right,33.933708,D:\personal_resources\CV_research\AutoDL\train_20260501_sam_mask_soft_v2\001007\BEE24-33_000458_det13_tr0012.jpg,curled crop; dark compact side likely right
172,batch_002,72,images/batch_002_072.jpg,head_left,14.84038,D:\personal_resources\CV_research\AutoDL\train_20260501_sam_mask_soft_v2\001702\BEE24-33_001592_det38_tr0003.jpg,striped abdomen right; head opposite
173,batch_002,73,images/batch_002_073.jpg,head_right,3.407523,D:\personal_resources\CV_research\AutoDL\train_20260501_sam_mask_soft_v2\001692\BEE24-33_004730_det25_tr0005.jpg,dark compact head-like side right
174,batch_002,74,images/batch_002_074.jpg,unclear,110.28244,D:\personal_resources\CV_research\AutoDL\train_20260501_sam_mask_soft_v2\002233\BEE24-13_000187_det25_tr0015.jpg,gray crop; right protrusions/dark side likely head
175,batch_002,75,images/batch_002_075.jpg,head_right,46.941128,D:\personal_resources\CV_research\AutoDL\train_20260501_sam_mask_soft_v2\002175\BEE24-35_004503_det09_tr0009.jpg,striped abdomen left; head right
176,batch_002,76,images/batch_002_076.jpg,head_left,133.50856,D:\personal_resources\CV_research\AutoDL\train_20260501_sam_mask_soft_v2\000142\BEE24-14_000173_det23_tr0023.jpg,gray crop; right compact end likely head
177,batch_002,77,images/batch_002_077.jpg,head_right,90.533928,D:\personal_resources\CV_research\AutoDL\train_20260501_sam_mask_soft_v2\000309\BEE24-22_000022_det03_tr0017.jpg,faint abdomen bands on left; head opposite
178,batch_002,78,images/batch_002_078.jpg,head_right,58.747513,D:\personal_resources\CV_research\AutoDL\train_20260501_sam_mask_soft_v2\000001\BEE24-01_000073_det00_tr0039.jpg,gray crop with artifact; right protrusion likely head
179,batch_002,79,images/batch_002_079.jpg,head_right,44.785892,D:\personal_resources\CV_research\AutoDL\train_20260501_sam_mask_soft_v2\002106\BEE24-35_003249_det08_tr0011.jpg,clear striped abdomen left and head right
180,batch_002,80,images/batch_002_080.jpg,head_left,32.970711,D:\personal_resources\CV_research\AutoDL\train_20260501_sam_mask_soft_v2\001747\BEE24-33_004947_det23_tr0022.jpg,dark/greenish head-side appears left
181,batch_002,81,images/batch_002_081.jpg,head_left,-37.583435,D:\personal_resources\CV_research\AutoDL\train_20260501_sam_mask_soft_v2\000292\BEE24-21_000046_det01_tr0024.jpg,gray blob; right upper compact side tentatively head
182,batch_002,82,images/batch_002_082.jpg,head_left,102.738312,D:\personal_resources\CV_research\AutoDL\train_20260501_sam_mask_soft_v2\001964\BEE24-35_002241_det00_tr0010.jpg,clear head/eye left and abdomen stripes right
183,batch_002,83,images/batch_002_083.jpg,head_left,5.170755,D:\personal_resources\CV_research\AutoDL\train_20260501_sam_mask_soft_v2\001499\BEE24-33_003585_det39_tr0016.jpg,blurred crop; left side reads head-like
184,batch_002,84,images/batch_002_084.jpg,head_right,-39.346138,D:\personal_resources\CV_research\AutoDL\train_20260501_sam_mask_soft_v2\000237\BEE24-18_000037_det03_tr0019.jpg,gray underside; right side has head/leg cluster
185,batch_002,85,images/batch_002_085.jpg,unclear,46.993465,D:\personal_resources\CV_research\AutoDL\train_20260501_sam_mask_soft_v2\000538\BEE24-33_000678_det19_tr0012.jpg,curled crop; right protruding dark end likely head
186,batch_002,86,images/batch_002_086.jpg,head_left,80.846298,D:\personal_resources\CV_research\AutoDL\train_20260501_sam_mask_soft_v2\002269\BEE24-16_000182_det12_tr0002.jpg,abdomen bands right; head opposite
187,batch_002,87,images/batch_002_087.jpg,head_left,66.883331,D:\personal_resources\CV_research\AutoDL\train_20260501_sam_mask_soft_v2\002059\BEE24-35_003956_det02_tr0014.jpg,clear dark head left and striped abdomen right
188,batch_002,88,images/batch_002_088.jpg,unclear,93.563492,D:\personal_resources\CV_research\AutoDL\train_20260501_sam_mask_soft_v2\001975\BEE24-35_000236_det10_tr0008.jpg,pale low-detail crop; right side tentatively head
189,batch_002,89,images/batch_002_089.jpg,unclear,7.059245,D:\personal_resources\CV_research\AutoDL\train_20260501_sam_mask_soft_v2\001075\BEE24-33_001876_det30_tr0007.jpg,dark compact head-like feature right
190,batch_002,90,images/batch_002_090.jpg,head_left,106.378517,D:\personal_resources\CV_research\AutoDL\train_20260501_sam_mask_soft_v2\001096\BEE24-33_001929_det30_tr0011.jpg,left small dark end likely head
191,batch_002,91,images/batch_002_091.jpg,unclear,8.769463,D:\personal_resources\CV_research\AutoDL\train_20260501_sam_mask_soft_v2\000466\BEE24-28_000045_det11_tr0011.jpg,gray crop; right cluster of head/legs
192,batch_002,92,images/batch_002_092.jpg,head_right,70.626823,D:\personal_resources\CV_research\AutoDL\train_20260501_sam_mask_soft_v2\000040\BEE24-06_000071_det05_tr0038.jpg,gray artifact crop; right rounded end likely head
193,batch_002,93,images/batch_002_093.jpg,unclear,92.107269,D:\personal_resources\CV_research\AutoDL\train_20260501_sam_mask_soft_v2\000085\BEE24-10_000048_det12_tr0005.jpg,gray crop; right bulky compact side likely head
194,batch_002,94,images/batch_002_094.jpg,head_left,80.619446,D:\personal_resources\CV_research\AutoDL\train_20260501_sam_mask_soft_v2\000326\BEE24-22_000065_det11_tr0000.jpg,left tapered protruding side likely head
195,batch_002,95,images/batch_002_095.jpg,unclear,108.002136,D:\personal_resources\CV_research\AutoDL\train_20260501_sam_mask_soft_v2\001362\BEE24-33_002858_det32_tr0007.jpg,right dark head/leg cluster
196,batch_002,96,images/batch_002_096.jpg,unclear,21.51988,D:\personal_resources\CV_research\AutoDL\train_20260501_sam_mask_soft_v2\000396\BEE24-25_000043_det06_tr0021.jpg,gray crop; right dark patch likely head
197,batch_002,97,images/batch_002_097.jpg,head_left,-0.976483,D:\personal_resources\CV_research\AutoDL\train_20260501_sam_mask_soft_v2\000757\BEE24-33_000549_det45_tr0009.jpg,blurry crop; left side slightly more head-like
198,batch_002,98,images/batch_002_098.jpg,head_left,38.16486,D:\personal_resources\CV_research\AutoDL\train_20260501_sam_mask_soft_v2\001067\BEE24-33_001844_det36_tr0009.jpg,left dark circular head/eye feature
199,batch_002,99,images/batch_002_099.jpg,unclear,6.349833,D:\personal_resources\CV_research\AutoDL\train_20260501_sam_mask_soft_v2\000668\BEE24-33_000143_det25_tr0002.jpg,curled crop; left circular head-like feature
200,batch_002,100,images/batch_002_100.jpg,unclear,100.887871,D:\personal_resources\CV_research\AutoDL\train_20260501_sam_mask_soft_v2\000118\BEE24-14_000123_det13_tr0027.jpg,gray crop; left protruding side likely head
201,batch_003,1,images/batch_003_001.jpg,unclear,88.590851,D:\personal_resources\CV_research\AutoDL\train_20260501_sam_mask_soft_v2\000373\BEE24-24_000040_det10_tr0007.jpg,codex visual review: stripes mark abdomen; dark compact end marks head
202,batch_003,2,images/batch_003_002.jpg,head_left,-4.125518,D:\personal_resources\CV_research\AutoDL\train_20260501_sam_mask_soft_v2\001498\BEE24-33_003593_det36_tr0016.jpg,codex visual review: stripes mark abdomen; dark compact end marks head
203,batch_003,3,images/batch_003_003.jpg,head_left,-19.869116,D:\personal_resources\CV_research\AutoDL\train_20260501_sam_mask_soft_v2\000962\BEE24-33_001432_det14_tr0017.jpg,codex visual review: stripes mark abdomen; dark compact end marks head
204,batch_003,4,images/batch_003_004.jpg,unclear,93.366409,D:\personal_resources\CV_research\AutoDL\train_20260501_sam_mask_soft_v2\000275\BEE24-20_000073_det00_tr0039.jpg,codex visual review: stripes mark abdomen; dark compact end marks head
205,batch_003,5,images/batch_003_005.jpg,head_left,44.669163,D:\personal_resources\CV_research\AutoDL\train_20260501_sam_mask_soft_v2\000796\BEE24-33_000324_det10_tr0004.jpg,codex visual review: stripes mark abdomen; dark compact end marks head
206,batch_003,6,images/batch_003_006.jpg,head_left,79.79483,D:\personal_resources\CV_research\AutoDL\train_20260501_sam_mask_soft_v2\000922\BEE24-33_000395_det35_tr0000.jpg,codex visual review: stripes mark abdomen; dark compact end marks head
207,batch_003,7,images/batch_003_007.jpg,head_right,14.714677,D:\personal_resources\CV_research\AutoDL\train_20260501_sam_mask_soft_v2\001998\BEE24-35_000859_det11_tr0003.jpg,codex visual review: stripes mark abdomen; dark compact end marks head
208,batch_003,8,images/batch_003_008.jpg,unclear,-1.54394,D:\personal_resources\CV_research\AutoDL\train_20260501_sam_mask_soft_v2\000757\BEE24-33_000550_det45_tr0010.jpg,codex visual review: stripes mark abdomen; dark compact end marks head
209,batch_003,9,images/batch_003_009.jpg,unclear,94.293343,D:\personal_resources\CV_research\AutoDL\train_20260501_sam_mask_soft_v2\000306\BEE24-22_000057_det00_tr0033.jpg,codex visual review: stripes mark abdomen; dark compact end marks head
210,batch_003,10,images/batch_003_010.jpg,unclear,106.92807,D:\personal_resources\CV_research\AutoDL\train_20260501_sam_mask_soft_v2\001405\BEE24-33_003110_det32_tr0011.jpg,codex visual review: stripes mark abdomen; dark compact end marks head
211,batch_003,11,images/batch_003_011.jpg,unclear,-35.614662,D:\personal_resources\CV_research\AutoDL\train_20260501_sam_mask_soft_v2\000036\BEE24-06_000029_det01_tr0015.jpg,codex visual review: not recognizable enough; left blank
212,batch_003,12,images/batch_003_012.jpg,unclear,96.584145,D:\personal_resources\CV_research\AutoDL\train_20260501_sam_mask_soft_v2\001596\BEE24-33_004323_det32_tr0023.jpg,codex visual review: stripes mark abdomen; dark compact end marks head
213,batch_003,13,images/batch_003_013.jpg,head_left,95.598564,D:\personal_resources\CV_research\AutoDL\train_20260501_sam_mask_soft_v2\000751\BEE24-33_000559_det34_tr0011.jpg,codex visual review: stripes mark abdomen; dark compact end marks head
214,batch_003,14,images/batch_003_014.jpg,head_left,0.682101,D:\personal_resources\CV_research\AutoDL\train_20260501_sam_mask_soft_v2\001731\BEE24-33_004814_det39_tr0015.jpg,codex visual review: stripes mark abdomen; dark compact end marks head
215,batch_003,15,images/batch_003_015.jpg,head_left,95.081268,D:\personal_resources\CV_research\AutoDL\train_20260501_sam_mask_soft_v2\002237\BEE24-16_000057_det01_tr0008.jpg,codex visual review: stripes mark abdomen; dark compact end marks head
216,batch_003,16,images/batch_003_016.jpg,head_right,68.708809,D:\personal_resources\CV_research\AutoDL\train_20260501_sam_mask_soft_v2\000709\BEE24-33_000526_det36_tr0012.jpg,codex visual review: stripes mark abdomen; dark compact end marks head
217,batch_003,17,images/batch_003_017.jpg,unclear,82.670418,D:\personal_resources\CV_research\AutoDL\train_20260501_sam_mask_soft_v2\000008\BEE24-01_000035_det05_tr0005.jpg,codex visual review: stripes mark abdomen; dark compact end marks head
218,batch_003,18,images/batch_003_018.jpg,unclear,65.845825,D:\personal_resources\CV_research\AutoDL\train_20260501_sam_mask_soft_v2\001637\BEE24-33_004471_det28_tr0014.jpg,codex visual review: stripes mark abdomen; dark compact end marks head
219,batch_003,19,images/batch_003_019.jpg,unclear,77.037231,D:\personal_resources\CV_research\AutoDL\train_20260501_sam_mask_soft_v2\000868\BEE24-33_000349_det31_tr0003.jpg,codex visual review: not recognizable enough; left blank
220,batch_003,20,images/batch_003_020.jpg,head_right,-11.941133,D:\personal_resources\CV_research\AutoDL\train_20260501_sam_mask_soft_v2\000608\BEE24-33_000091_det23_tr0005.jpg,codex visual review: stripes mark abdomen; dark compact end marks head
221,batch_003,21,images/batch_003_021.jpg,unclear,62.157063,D:\personal_resources\CV_research\AutoDL\train_20260501_sam_mask_soft_v2\001071\BEE24-33_001877_det25_tr0021.jpg,codex visual review: stripes mark abdomen; dark compact end marks head
222,batch_003,22,images/batch_003_022.jpg,head_right,17.140041,D:\personal_resources\CV_research\AutoDL\train_20260501_sam_mask_soft_v2\000617\BEE24-33_000945_det06_tr0008.jpg,codex visual review: stripes mark abdomen; dark compact end marks head
223,batch_003,23,images/batch_003_023.jpg,head_left,66.553955,D:\personal_resources\CV_research\AutoDL\train_20260501_sam_mask_soft_v2\001568\BEE24-33_004191_det23_tr0020.jpg,codex visual review: stripes mark abdomen; dark compact end marks head
224,batch_003,24,images/batch_003_024.jpg,unclear,81.391502,D:\personal_resources\CV_research\AutoDL\train_20260501_sam_mask_soft_v2\000251\BEE24-18_000050_det11_tr0019.jpg,codex visual review: stripes mark abdomen; dark compact end marks head
225,batch_003,25,images/batch_003_025.jpg,unclear,77.841576,D:\personal_resources\CV_research\AutoDL\train_20260501_sam_mask_soft_v2\000023\BEE24-04_000034_det00_tr0024.jpg,codex visual review: stripes mark abdomen; dark compact end marks head
226,batch_003,26,images/batch_003_026.jpg,head_left,66.975731,D:\personal_resources\CV_research\AutoDL\train_20260501_sam_mask_soft_v2\001297\BEE24-33_003530_det03_tr0018.jpg,codex visual review: stripes mark abdomen; dark compact end marks head
227,batch_003,27,images/batch_003_027.jpg,unclear,76.892563,D:\personal_resources\CV_research\AutoDL\train_20260501_sam_mask_soft_v2\000204\BEE24-15_000183_det10_tr0007.jpg,codex visual review: stripes mark abdomen; dark compact end marks head
228,batch_003,28,images/batch_003_028.jpg,head_left,64.009895,D:\personal_resources\CV_research\AutoDL\train_20260501_sam_mask_soft_v2\000922\BEE24-33_001165_det40_tr0013.jpg,codex visual review: not recognizable enough; left blank
229,batch_003,29,images/batch_003_029.jpg,head_left,84.215012,D:\personal_resources\CV_research\AutoDL\train_20260501_sam_mask_soft_v2\002269\BEE24-16_000180_det13_tr0000.jpg,codex visual review: stripes mark abdomen; dark compact end marks head
230,batch_003,30,images/batch_003_030.jpg,head_right,15.548071,D:\personal_resources\CV_research\AutoDL\train_20260501_sam_mask_soft_v2\002075\BEE24-35_002666_det07_tr0007.jpg,codex visual review: stripes mark abdomen; dark compact end marks head
231,batch_003,31,images/batch_003_031.jpg,unclear,80.167618,D:\personal_resources\CV_research\AutoDL\train_20260501_sam_mask_soft_v2\001275\BEE24-33_002586_det38_tr0003.jpg,codex visual review: stripes mark abdomen; dark compact end marks head
232,batch_003,32,images/batch_003_032.jpg,unclear,123.071297,D:\personal_resources\CV_research\AutoDL\train_20260501_sam_mask_soft_v2\001527\BEE24-33_003716_det40_tr0000.jpg,codex visual review: stripes mark abdomen; dark compact end marks head
233,batch_003,33,images/batch_003_033.jpg,head_left,78.001694,D:\personal_resources\CV_research\AutoDL\train_20260501_sam_mask_soft_v2\002059\BEE24-35_002913_det02_tr0005.jpg,codex visual review: stripes mark abdomen; dark compact end marks head
234,batch_003,34,images/batch_003_034.jpg,head_left,110.697899,D:\personal_resources\CV_research\AutoDL\train_20260501_sam_mask_soft_v2\000589\BEE24-33_000723_det27_tr0012.jpg,codex visual review: stripes mark abdomen; dark compact end marks head
235,batch_003,35,images/batch_003_035.jpg,head_right,-9.807534,D:\personal_resources\CV_research\AutoDL\train_20260501_sam_mask_soft_v2\000649\BEE24-33_000801_det34_tr0015.jpg,codex visual review: stripes mark abdomen; dark compact end marks head
236,batch_003,36,images/batch_003_036.jpg,head_left,80.77404,D:\personal_resources\CV_research\AutoDL\train_20260501_sam_mask_soft_v2\001868\BEE24-33_002132_det17_tr0023.jpg,codex visual review: stripes mark abdomen; dark compact end marks head
237,batch_003,37,images/batch_003_037.jpg,head_left,58.307068,D:\personal_resources\CV_research\AutoDL\train_20260501_sam_mask_soft_v2\001268\BEE24-33_002561_det32_tr0003.jpg,codex visual review: stripes mark abdomen; dark compact end marks head
238,batch_003,38,images/batch_003_038.jpg,head_right,16.119158,D:\personal_resources\CV_research\AutoDL\train_20260501_sam_mask_soft_v2\002191\BEE24-35_004963_det09_tr0014.jpg,codex visual review: stripes mark abdomen; dark compact end marks head
239,batch_003,39,images/batch_003_039.jpg,head_right,76.520111,D:\personal_resources\CV_research\AutoDL\train_20260501_sam_mask_soft_v2\002079\BEE24-35_002753_det05_tr0005.jpg,codex visual review: stripes mark abdomen; dark compact end marks head
240,batch_003,40,images/batch_003_040.jpg,unclear,30.936787,D:\personal_resources\CV_research\AutoDL\train_20260501_sam_mask_soft_v2\001698\BEE24-33_004687_det35_tr0001.jpg,codex visual review: stripes mark abdomen; dark compact end marks head
241,batch_003,41,images/batch_003_041.jpg,unclear,10.013761,D:\personal_resources\CV_research\AutoDL\train_20260501_sam_mask_soft_v2\001781\BEE24-33_004985_det36_tr0009.jpg,codex visual review: stripes mark abdomen; dark compact end marks head
242,batch_003,42,images/batch_003_042.jpg,head_left,-6.211175,D:\personal_resources\CV_research\AutoDL\train_20260501_sam_mask_soft_v2\001357\BEE24-33_002866_det25_tr0012.jpg,codex visual review: stripes mark abdomen; dark compact end marks head
243,batch_003,43,images/batch_003_043.jpg,unclear,20.923971,D:\personal_resources\CV_research\AutoDL\train_20260501_sam_mask_soft_v2\000754\BEE24-33_000554_det36_tr0002.jpg,codex visual review: stripes mark abdomen; dark compact end marks head
244,batch_003,44,images/batch_003_044.jpg,head_right,-7.301369,D:\personal_resources\CV_research\AutoDL\train_20260501_sam_mask_soft_v2\002194\BEE24-13_000048_det00_tr0007.jpg,codex visual review: stripes mark abdomen; dark compact end marks head
245,batch_003,45,images/batch_003_045.jpg,unclear,-35.859589,D:\personal_resources\CV_research\AutoDL\train_20260501_sam_mask_soft_v2\001391\BEE24-33_002974_det38_tr0005.jpg,codex visual review: not recognizable enough; left blank
246,batch_003,46,images/batch_003_046.jpg,unclear,-20.56831,D:\personal_resources\CV_research\AutoDL\train_20260501_sam_mask_soft_v2\000860\BEE24-33_000351_det26_tr0006.jpg,codex visual review: not recognizable enough; left blank
247,batch_003,47,images/batch_003_047.jpg,head_right,-37.257912,D:\personal_resources\CV_research\AutoDL\train_20260501_sam_mask_soft_v2\002264\BEE24-16_000159_det11_tr0013.jpg,codex visual review: stripes mark abdomen; dark compact end marks head
248,batch_003,48,images/batch_003_048.jpg,head_left,-21.135529,D:\personal_resources\CV_research\AutoDL\train_20260501_sam_mask_soft_v2\000405\BEE24-26_000031_det01_tr0024.jpg,codex visual review: stripes mark abdomen; dark compact end marks head
249,batch_003,49,images/batch_003_049.jpg,head_left,69.674774,D:\personal_resources\CV_research\AutoDL\train_20260501_sam_mask_soft_v2\002211\BEE24-13_000039_det17_tr0007.jpg,codex visual review: stripes mark abdomen; dark compact end marks head
250,batch_003,50,images/batch_003_050.jpg,head_left,-43.587677,D:\personal_resources\CV_research\AutoDL\train_20260501_sam_mask_soft_v2\001318\BEE24-33_002975_det10_tr0011.jpg,codex visual review: stripes mark abdomen; dark compact end marks head
251,batch_003,51,images/batch_003_051.jpg,unclear,-29.884638,D:\personal_resources\CV_research\AutoDL\train_20260501_sam_mask_soft_v2\001405\BEE24-33_003125_det31_tr0015.jpg,codex visual review: stripes mark abdomen; dark compact end marks head
252,batch_003,52,images/batch_003_052.jpg,unclear,20.287971,D:\personal_resources\CV_research\AutoDL\train_20260501_sam_mask_soft_v2\000649\BEE24-33_000494_det35_tr0003.jpg,codex visual review: stripes mark abdomen; dark compact end marks head
253,batch_003,53,images/batch_003_053.jpg,head_right,3.885927,D:\personal_resources\CV_research\AutoDL\train_20260501_sam_mask_soft_v2\000649\BEE24-33_000501_det31_tr0004.jpg,codex visual review: stripes mark abdomen; dark compact end marks head
254,batch_003,54,images/batch_003_054.jpg,head_left,90.628204,D:\personal_resources\CV_research\AutoDL\train_20260501_sam_mask_soft_v2\001876\BEE24-33_002461_det23_tr0004.jpg,codex visual review: stripes mark abdomen; dark compact end marks head
255,batch_003,55,images/batch_003_055.jpg,head_left,115.248169,D:\personal_resources\CV_research\AutoDL\train_20260501_sam_mask_soft_v2\000819\BEE24-33_000287_det28_tr0003.jpg,codex visual review: stripes mark abdomen; dark compact end marks head
256,batch_003,56,images/batch_003_056.jpg,unclear,107.327591,D:\personal_resources\CV_research\AutoDL\train_20260501_sam_mask_soft_v2\000036\BEE24-06_000068_det01_tr0036.jpg,codex visual review: stripes mark abdomen; dark compact end marks head
257,batch_003,57,images/batch_003_057.jpg,head_left,-17.661428,D:\personal_resources\CV_research\AutoDL\train_20260501_sam_mask_soft_v2\001710\BEE24-33_004711_det40_tr0016.jpg,codex visual review: stripes mark abdomen; dark compact end marks head
258,batch_003,58,images/batch_003_058.jpg,head_left,48.612961,D:\personal_resources\CV_research\AutoDL\train_20260501_sam_mask_soft_v2\002001\BEE24-35_000956_det11_tr0007.jpg,codex visual review: stripes mark abdomen; dark compact end marks head
259,batch_003,59,images/batch_003_059.jpg,head_right,16.608864,D:\personal_resources\CV_research\AutoDL\train_20260501_sam_mask_soft_v2\001133\BEE24-33_002070_det26_tr0007.jpg,codex visual review: stripes mark abdomen; dark compact end marks head
260,batch_003,60,images/batch_003_060.jpg,head_left,12.08036,D:\personal_resources\CV_research\AutoDL\train_20260501_sam_mask_soft_v2\000518\BEE24-33_000589_det40_tr0009.jpg,codex visual review: stripes mark abdomen; dark compact end marks head
261,batch_003,61,images/batch_003_061.jpg,unclear,124.749313,D:\personal_resources\CV_research\AutoDL\train_20260501_sam_mask_soft_v2\001191\BEE24-33_002366_det22_tr0016.jpg,codex visual review: stripes mark abdomen; dark compact end marks head
262,batch_003,62,images/batch_003_062.jpg,head_left,89.22464,D:\personal_resources\CV_research\AutoDL\train_20260501_sam_mask_soft_v2\000242\BEE24-18_000020_det07_tr0010.jpg,codex visual review: stripes mark abdomen; dark compact end marks head
263,batch_003,63,images/batch_003_063.jpg,unclear,87.283867,D:\personal_resources\CV_research\AutoDL\train_20260501_sam_mask_soft_v2\000315\BEE24-22_000020_det08_tr0010.jpg,codex visual review: stripes mark abdomen; dark compact end marks head
264,batch_003,64,images/batch_003_064.jpg,unclear,58.02932,D:\personal_resources\CV_research\AutoDL\train_20260501_sam_mask_soft_v2\000871\BEE24-33_001096_det34_tr0010.jpg,codex visual review: stripes mark abdomen; dark compact end marks head
265,batch_003,65,images/batch_003_065.jpg,unclear,19.522049,D:\personal_resources\CV_research\AutoDL\train_20260501_sam_mask_soft_v2\000229\BEE24-17_000061_det04_tr0011.jpg,codex visual review: not recognizable enough; left blank
266,batch_003,66,images/batch_003_066.jpg,head_right,29.271717,D:\personal_resources\CV_research\AutoDL\train_20260501_sam_mask_soft_v2\000821\BEE24-33_000354_det12_tr0010.jpg,codex visual review: stripes mark abdomen; dark compact end marks head
267,batch_003,67,images/batch_003_067.jpg,head_right,24.387413,D:\personal_resources\CV_research\AutoDL\train_20260501_sam_mask_soft_v2\002170\BEE24-35_004390_det09_tr0004.jpg,codex visual review: stripes mark abdomen; dark compact end marks head
268,batch_003,68,images/batch_003_068.jpg,unclear,72.09478,D:\personal_resources\CV_research\AutoDL\train_20260501_sam_mask_soft_v2\001009\BEE24-33_001466_det28_tr0008.jpg,codex visual review: stripes mark abdomen; dark compact end marks head
269,batch_003,69,images/batch_003_069.jpg,head_left,95.662453,D:\personal_resources\CV_research\AutoDL\train_20260501_sam_mask_soft_v2\001667\BEE24-33_004576_det33_tr0004.jpg,codex visual review: stripes mark abdomen; dark compact end marks head
270,batch_003,70,images/batch_003_070.jpg,unclear,74.163719,D:\personal_resources\CV_research\AutoDL\train_20260501_sam_mask_soft_v2\000381\BEE24-24_000068_det10_tr0003.jpg,codex visual review: stripes mark abdomen; dark compact end marks head
271,batch_003,71,images/batch_003_071.jpg,unclear,7.188299,D:\personal_resources\CV_research\AutoDL\train_20260501_sam_mask_soft_v2\000809\BEE24-33_001035_det33_tr0014.jpg,codex visual review: stripes mark abdomen; dark compact end marks head
272,batch_003,72,images/batch_003_072.jpg,unclear,-19.491634,D:\personal_resources\CV_research\AutoDL\train_20260501_sam_mask_soft_v2\000662\BEE24-33_000501_det37_tr0015.jpg,codex visual review: not recognizable enough; left blank
273,batch_003,73,images/batch_003_073.jpg,unclear,126.206154,D:\personal_resources\CV_research\AutoDL\train_20260501_sam_mask_soft_v2\000972\BEE24-33_001313_det40_tr0001.jpg,codex visual review: stripes mark abdomen; dark compact end marks head
274,batch_003,74,images/batch_003_074.jpg,unclear,25.475719,D:\personal_resources\CV_research\AutoDL\train_20260501_sam_mask_soft_v2\001741\BEE24-33_004863_det37_tr0009.jpg,codex visual review: stripes mark abdomen; dark compact end marks head
275,batch_003,75,images/batch_003_075.jpg,head_right,127.690842,D:\personal_resources\CV_research\AutoDL\train_20260501_sam_mask_soft_v2\000529\BEE24-33_000023_det13_tr0000.jpg,codex visual review: stripes mark abdomen; dark compact end marks head
276,batch_003,76,images/batch_003_076.jpg,head_left,-10.973587,D:\personal_resources\CV_research\AutoDL\train_20260501_sam_mask_soft_v2\001543\BEE24-33_004003_det38_tr0020.jpg,codex visual review: not recognizable enough; left blank
277,batch_003,77,images/batch_003_077.jpg,head_right,61.68597,D:\personal_resources\CV_research\AutoDL\train_20260501_sam_mask_soft_v2\001783\BEE24-33_004991_det38_tr0001.jpg,codex visual review: stripes mark abdomen; dark compact end marks head
278,batch_003,78,images/batch_003_078.jpg,head_right,101.972542,D:\personal_resources\CV_research\AutoDL\train_20260501_sam_mask_soft_v2\002201\BEE24-13_000179_det04_tr0027.jpg,codex visual review: stripes mark abdomen; dark compact end marks head
279,batch_003,79,images/batch_003_079.jpg,head_right,5.857285,D:\personal_resources\CV_research\AutoDL\train_20260501_sam_mask_soft_v2\001152\BEE24-33_002182_det24_tr0004.jpg,codex visual review: stripes mark abdomen; dark compact end marks head
280,batch_003,80,images/batch_003_080.jpg,head_right,-8.708467,D:\personal_resources\CV_research\AutoDL\train_20260501_sam_mask_soft_v2\000004\BEE24-01_000028_det03_tr0014.jpg,codex visual review: stripes mark abdomen; dark compact end marks head
281,batch_003,81,images/batch_003_081.jpg,unclear,41.727982,D:\personal_resources\CV_research\AutoDL\train_20260501_sam_mask_soft_v2\001589\BEE24-33_004268_det32_tr0012.jpg,codex visual review: not recognizable enough; left blank
282,batch_003,82,images/batch_003_082.jpg,unclear,46.593689,D:\personal_resources\CV_research\AutoDL\train_20260501_sam_mask_soft_v2\001762\BEE24-33_004913_det38_tr0000.jpg,codex visual review: stripes mark abdomen; dark compact end marks head
283,batch_003,83,images/batch_003_083.jpg,unclear,-1.060651,D:\personal_resources\CV_research\AutoDL\train_20260501_sam_mask_soft_v2\001262\BEE24-33_002532_det34_tr0002.jpg,codex visual review: not recognizable enough; left blank
284,batch_003,84,images/batch_003_084.jpg,head_left,94.236481,D:\personal_resources\CV_research\AutoDL\train_20260501_sam_mask_soft_v2\000403\BEE24-26_000005_det01_tr0003.jpg,codex visual review: stripes mark abdomen; dark compact end marks head
285,batch_003,85,images/batch_003_085.jpg,unclear,-28.293062,D:\personal_resources\CV_research\AutoDL\train_20260501_sam_mask_soft_v2\000713\BEE24-33_000175_det35_tr0000.jpg,codex visual review: stripes mark abdomen; dark compact end marks head
286,batch_003,86,images/batch_003_086.jpg,head_left,39.393856,D:\personal_resources\CV_research\AutoDL\train_20260501_sam_mask_soft_v2\000332\BEE24-23_000064_det00_tr0034.jpg,codex visual review: stripes mark abdomen; dark compact end marks head
287,batch_003,87,images/batch_003_087.jpg,unclear,5.927238,D:\personal_resources\CV_research\AutoDL\train_20260501_sam_mask_soft_v2\000037\BEE24-06_000034_det02_tr0017.jpg,codex visual review: stripes mark abdomen; dark compact end marks head
288,batch_003,88,images/batch_003_088.jpg,unclear,-20.787298,D:\personal_resources\CV_research\AutoDL\train_20260501_sam_mask_soft_v2\001371\BEE24-33_002888_det34_tr0012.jpg,codex visual review: stripes mark abdomen; dark compact end marks head
289,batch_003,89,images/batch_003_089.jpg,unclear,76.629189,D:\personal_resources\CV_research\AutoDL\train_20260501_sam_mask_soft_v2\000908\BEE24-33_001136_det40_tr0004.jpg,codex visual review: stripes mark abdomen; dark compact end marks head
290,batch_003,90,images/batch_003_090.jpg,unclear,5.676987,D:\personal_resources\CV_research\AutoDL\train_20260501_sam_mask_soft_v2\000443\BEE24-27_000056_det09_tr0020.jpg,codex visual review: stripes mark abdomen; dark compact end marks head
291,batch_003,91,images/batch_003_091.jpg,head_left,70.903816,D:\personal_resources\CV_research\AutoDL\train_20260501_sam_mask_soft_v2\000097\BEE24-11_000013_det02_tr0009.jpg,codex visual review: stripes mark abdomen; dark compact end marks head
292,batch_003,92,images/batch_003_092.jpg,head_right,54.026386,D:\personal_resources\CV_research\AutoDL\train_20260501_sam_mask_soft_v2\002022\BEE24-35_001429_det10_tr0005.jpg,codex visual review: stripes mark abdomen; dark compact end marks head
293,batch_003,93,images/batch_003_093.jpg,head_right,18.10191,D:\personal_resources\CV_research\AutoDL\train_20260501_sam_mask_soft_v2\001199\BEE24-33_002411_det22_tr0018.jpg,codex visual review: stripes mark abdomen; dark compact end marks head
294,batch_003,94,images/batch_003_094.jpg,head_left,14.408337,D:\personal_resources\CV_research\AutoDL\train_20260501_sam_mask_soft_v2\001033\BEE24-33_001785_det25_tr0007.jpg,codex visual review: stripes mark abdomen; dark compact end marks head
295,batch_003,95,images/batch_003_095.jpg,unclear,36.42308,D:\personal_resources\CV_research\AutoDL\train_20260501_sam_mask_soft_v2\001520\BEE24-33_003803_det27_tr0021.jpg,codex visual review: stripes mark abdomen; dark compact end marks head
296,batch_003,96,images/batch_003_096.jpg,unclear,91.814819,D:\personal_resources\CV_research\AutoDL\train_20260501_sam_mask_soft_v2\001470\BEE24-33_003460_det28_tr0021.jpg,codex visual review: stripes mark abdomen; dark compact end marks head
297,batch_003,97,images/batch_003_097.jpg,unclear,-6.641386,D:\personal_resources\CV_research\AutoDL\train_20260501_sam_mask_soft_v2\001348\BEE24-33_002806_det30_tr0011.jpg,codex visual review: not recognizable enough; left blank
298,batch_003,98,images/batch_003_098.jpg,unclear,123.222946,D:\personal_resources\CV_research\AutoDL\train_20260501_sam_mask_soft_v2\000990\BEE24-33_001548_det04_tr0017.jpg,codex visual review: stripes mark abdomen; dark compact end marks head
299,batch_003,99,images/batch_003_099.jpg,head_left,25.66341,D:\personal_resources\CV_research\AutoDL\train_20260501_sam_mask_soft_v2\002238\BEE24-16_000088_det02_tr0013.jpg,codex visual review: stripes mark abdomen; dark compact end marks head
300,batch_003,100,images/batch_003_100.jpg,head_right,-8.004136,D:\personal_resources\CV_research\AutoDL\train_20260501_sam_mask_soft_v2\000243\BEE24-18_000019_det08_tr0014.jpg,codex visual review: stripes mark abdomen; dark compact end marks head
